BR00120270,BR00120271,BR00120272,BR00120273,BR00120274,BR00120275,BR00120276,BR00120277,70_featnum,71_featnum,72_featnum,73_featnum,74_featnum,75_featnum,76_featnum,77_featnum,Mean,Median,Standard deviation,Dropout,Remaining,n_columns
0.5888888888888889,0.5777777777777777,0.5444444444444444,0.5444444444444444,0.5111111111111111,0.5444444444444444,0.5111111111111111,0.5333333333333333,460.0,467.0,480.0,468.0,481.0,471.0,474.0,485.0,0.5444444444444444,0.5444444444444444,0.0260578653323523,(),"['DNA', 'RNA', 'ER', 'Mito', 'AGP', 'Brightfield', 'BFLow', 'BFHigh']",5804.0
0.5777777777777777,0.5777777777777777,0.5555555555555556,0.5444444444444444,0.5,0.5222222222222223,0.4888888888888889,0.5111111111111111,408.0,412.0,428.0,407.0,406.0,395.0,398.0,402.0,0.5347222222222222,0.5333333333333333,0.0321250930728343,"('Mito',)","['DNA', 'RNA', 'ER', 'AGP', 'Brightfield', 'BFLow', 'BFHigh']",5021.0
0.5777777777777777,0.5666666666666667,0.5555555555555556,0.5444444444444444,0.5111111111111111,0.5444444444444444,0.5111111111111111,0.5555555555555556,408.0,410.0,428.0,413.0,439.0,434.0,436.0,447.0,0.5458333333333333,0.55,0.0225239926947595,"('RNA',)","['DNA', 'ER', 'Mito', 'AGP', 'Brightfield', 'BFLow', 'BFHigh']",5021.0
0.5888888888888889,0.5888888888888889,0.5777777777777777,0.5444444444444444,0.5222222222222223,0.5333333333333333,0.5111111111111111,0.5333333333333333,410.0,418.0,430.0,424.0,434.0,422.0,430.0,438.0,0.5499999999999999,0.5388888888888889,0.0288675134594812,"('Brightfield',)","['DNA', 'RNA', 'ER', 'Mito', 'AGP', 'BFLow', 'BFHigh']",5021.0
0.5555555555555556,0.5777777777777777,0.5444444444444444,0.5444444444444444,0.5222222222222223,0.5444444444444444,0.5111111111111111,0.5666666666666667,381.0,389.0,397.0,385.0,400.0,398.0,397.0,409.0,0.5458333333333334,0.5444444444444444,0.0203651087480766,"('DNA',)","['RNA', 'ER', 'Mito', 'AGP', 'Brightfield', 'BFLow', 'BFHigh']",5021.0
0.6111111111111112,0.6111111111111112,0.5777777777777777,0.5444444444444444,0.5333333333333333,0.5333333333333333,0.5222222222222223,0.5555555555555556,405.0,418.0,433.0,421.0,428.0,417.0,423.0,433.0,0.5611111111111111,0.55,0.0328671099061089,"('BFLow',)","['DNA', 'RNA', 'ER', 'Mito', 'AGP', 'Brightfield', 'BFHigh']",5021.0
0.5777777777777777,0.5666666666666667,0.5444444444444444,0.5333333333333333,0.5111111111111111,0.5333333333333333,0.5111111111111111,0.5222222222222223,413.0,422.0,434.0,425.0,437.0,426.0,427.0,437.0,0.5375,0.5333333333333333,0.0228639967127143,"('BFHigh',)","['DNA', 'RNA', 'ER', 'Mito', 'AGP', 'Brightfield', 'BFLow']",5021.0
0.6,0.5777777777777777,0.5444444444444444,0.5333333333333333,0.5222222222222223,0.5444444444444444,0.5111111111111111,0.5444444444444444,417.0,423.0,434.0,421.0,439.0,430.0,436.0,444.0,0.5472222222222222,0.5444444444444444,0.0270744287355804,"('ER',)","['DNA', 'RNA', 'Mito', 'AGP', 'Brightfield', 'BFLow', 'BFHigh']",5021.0
0.5888888888888889,0.5777777777777777,0.5444444444444444,0.5444444444444444,0.5222222222222223,0.5444444444444444,0.5111111111111111,0.5333333333333333,400.0,402.0,413.0,398.0,426.0,416.0,420.0,423.0,0.5458333333333333,0.5444444444444444,0.0244933223452061,"('AGP',)","['DNA', 'RNA', 'ER', 'Mito', 'Brightfield', 'BFLow', 'BFHigh']",5021.0
0.5444444444444444,0.5777777777777777,0.5555555555555556,0.5444444444444444,0.5111111111111111,0.5333333333333333,0.5333333333333333,0.5555555555555556,344.0,350.0,355.0,348.0,362.0,368.0,364.0,380.0,0.5444444444444445,0.5444444444444444,0.0184256932797522,"('DNA', 'ER')","['RNA', 'Mito', 'AGP', 'Brightfield', 'BFLow', 'BFHigh']",4262.0
0.5555555555555556,0.5666666666666667,0.5555555555555556,0.5555555555555556,0.5111111111111111,0.5444444444444444,0.5222222222222223,0.5555555555555556,335.0,339.0,345.0,332.0,360.0,364.0,364.0,374.0,0.5458333333333334,0.5555555555555556,0.0179483999768334,"('DNA', 'RNA')","['ER', 'Mito', 'AGP', 'Brightfield', 'BFLow', 'BFHigh']",4262.0
0.5666666666666667,0.5888888888888889,0.5666666666666667,0.5444444444444444,0.5111111111111111,0.5444444444444444,0.5111111111111111,0.5222222222222223,352.0,354.0,365.0,351.0,373.0,368.0,376.0,381.0,0.5444444444444444,0.5444444444444444,0.0266435084628484,"('RNA', 'ER')","['DNA', 'Mito', 'AGP', 'Brightfield', 'BFLow', 'BFHigh']",4262.0
0.5666666666666667,0.5777777777777777,0.5666666666666667,0.5111111111111111,0.4888888888888889,0.5111111111111111,0.5111111111111111,0.5111111111111111,374.0,373.0,385.0,369.0,372.0,365.0,366.0,367.0,0.5305555555555556,0.5111111111111111,0.0317931198396099,"('ER', 'Mito')","['DNA', 'RNA', 'AGP', 'Brightfield', 'BFLow', 'BFHigh']",4262.0
0.6222222222222222,0.6,0.5888888888888889,0.5555555555555556,0.5222222222222223,0.5333333333333333,0.5111111111111111,0.5888888888888889,370.0,379.0,390.0,379.0,391.0,381.0,389.0,396.0,0.5652777777777778,0.5722222222222222,0.0378583699178861,"('ER', 'BFLow')","['DNA', 'RNA', 'Mito', 'AGP', 'Brightfield', 'BFHigh']",4262.0
0.6111111111111112,0.6,0.5666666666666667,0.5666666666666667,0.5222222222222223,0.5444444444444444,0.5111111111111111,0.5333333333333333,370.0,376.0,391.0,379.0,396.0,383.0,390.0,398.0,0.5569444444444445,0.5555555555555556,0.0335352679656934,"('ER', 'Brightfield')","['DNA', 'RNA', 'Mito', 'AGP', 'BFLow', 'BFHigh']",4262.0
0.5666666666666667,0.5555555555555556,0.5555555555555556,0.5333333333333333,0.5333333333333333,0.5444444444444444,0.5111111111111111,0.5444444444444444,374.0,378.0,390.0,380.0,395.0,383.0,389.0,397.0,0.5430555555555555,0.5444444444444444,0.0161374306091975,"('ER', 'BFHigh')","['DNA', 'RNA', 'Mito', 'AGP', 'Brightfield', 'BFLow']",4262.0
0.6,0.6111111111111112,0.5555555555555556,0.5555555555555556,0.5222222222222223,0.5444444444444444,0.5111111111111111,0.5555555555555556,364.0,375.0,385.0,379.0,388.0,373.0,379.0,388.0,0.5569444444444445,0.5555555555555556,0.0321250930728343,"('BFLow', 'BFHigh')","['DNA', 'RNA', 'ER', 'Mito', 'AGP', 'Brightfield']",4262.0
0.6,0.5666666666666667,0.5666666666666667,0.5555555555555556,0.5333333333333333,0.5333333333333333,0.5111111111111111,0.5444444444444444,365.0,369.0,383.0,373.0,387.0,376.0,380.0,384.0,0.5513888888888888,0.55,0.025420840580171,"('Brightfield', 'BFHigh')","['DNA', 'RNA', 'ER', 'Mito', 'AGP', 'BFLow']",4262.0
0.6333333333333333,0.6,0.6,0.5666666666666667,0.5222222222222223,0.5333333333333333,0.5222222222222223,0.5333333333333333,360.0,369.0,382.0,378.0,380.0,372.0,379.0,384.0,0.5638888888888889,0.55,0.0399652626942726,"('Brightfield', 'BFLow')","['DNA', 'RNA', 'ER', 'Mito', 'AGP', 'BFHigh']",4262.0
0.5555555555555556,0.5666666666666667,0.5333333333333333,0.5111111111111111,0.5,0.5111111111111111,0.5,0.5,332.0,342.0,346.0,331.0,334.0,327.0,325.0,334.0,0.5222222222222221,0.5111111111111111,0.0248451997499976,"('DNA', 'Mito')","['RNA', 'ER', 'AGP', 'Brightfield', 'BFLow', 'BFHigh']",4262.0
0.6,0.6,0.5666666666666667,0.5444444444444444,0.5333333333333333,0.5333333333333333,0.5222222222222223,0.5666666666666667,329.0,343.0,349.0,345.0,349.0,345.0,348.0,358.0,0.5583333333333333,0.5555555555555556,0.0281913654585894,"('DNA', 'BFLow')","['RNA', 'ER', 'Mito', 'AGP', 'Brightfield', 'BFHigh']",4262.0
0.5777777777777777,0.5777777777777777,0.5555555555555556,0.5666666666666667,0.5444444444444444,0.5333333333333333,0.5,0.5666666666666667,335.0,339.0,353.0,340.0,354.0,353.0,353.0,364.0,0.5527777777777778,0.5611111111111111,0.0246894289369877,"('DNA', 'Brightfield')","['RNA', 'ER', 'Mito', 'AGP', 'BFLow', 'BFHigh']",4262.0
0.5666666666666667,0.5555555555555556,0.5333333333333333,0.5333333333333333,0.5111111111111111,0.5444444444444444,0.5222222222222223,0.5666666666666667,338.0,349.0,356.0,347.0,359.0,356.0,352.0,365.0,0.5416666666666667,0.5388888888888889,0.019043485001114,"('DNA', 'BFHigh')","['RNA', 'ER', 'Mito', 'AGP', 'Brightfield', 'BFLow']",4262.0
0.6222222222222222,0.5888888888888889,0.5666666666666667,0.5666666666666667,0.5111111111111111,0.5222222222222223,0.4888888888888889,0.5111111111111111,364.0,364.0,384.0,364.0,363.0,351.0,352.0,358.0,0.5472222222222223,0.5444444444444445,0.0429434023159453,"('Mito', 'Brightfield')","['DNA', 'RNA', 'ER', 'AGP', 'BFLow', 'BFHigh']",4262.0
0.6111111111111112,0.5777777777777777,0.6,0.5444444444444444,0.5111111111111111,0.5111111111111111,0.5222222222222223,0.5111111111111111,359.0,366.0,381.0,366.0,358.0,346.0,351.0,357.0,0.548611111111111,0.5333333333333333,0.0392591500697293,"('Mito', 'BFLow')","['DNA', 'RNA', 'ER', 'AGP', 'Brightfield', 'BFHigh']",4262.0
0.5555555555555556,0.5555555555555556,0.5555555555555556,0.5333333333333333,0.5111111111111111,0.5111111111111111,0.4888888888888889,0.5,362.0,368.0,382.0,364.0,362.0,353.0,352.0,361.0,0.5263888888888889,0.5222222222222221,0.025420840580171,"('Mito', 'BFHigh')","['DNA', 'RNA', 'ER', 'AGP', 'Brightfield', 'BFLow']",4262.0
0.6111111111111112,0.5888888888888889,0.5666666666666667,0.5555555555555556,0.5222222222222223,0.5444444444444444,0.5,0.5333333333333333,361.0,361.0,381.0,371.0,396.0,384.0,393.0,401.0,0.5527777777777778,0.55,0.0336787657027281,"('RNA', 'Brightfield')","['DNA', 'ER', 'Mito', 'AGP', 'BFLow', 'BFHigh']",4262.0
0.6,0.5888888888888889,0.5777777777777777,0.5444444444444444,0.5222222222222223,0.5333333333333333,0.5222222222222223,0.5222222222222223,350.0,357.0,366.0,357.0,376.0,365.0,370.0,374.0,0.5513888888888889,0.5388888888888889,0.0303973175392212,"('AGP', 'BFLow')","['DNA', 'RNA', 'ER', 'Mito', 'Brightfield', 'BFHigh']",4262.0
0.5777777777777777,0.5444444444444444,0.5333333333333333,0.5444444444444444,0.5111111111111111,0.5222222222222223,0.5111111111111111,0.5555555555555556,353.0,355.0,367.0,360.0,382.0,371.0,371.0,378.0,0.5375,0.5388888888888889,0.0214717011579726,"('AGP', 'BFHigh')","['DNA', 'RNA', 'ER', 'Mito', 'Brightfield', 'BFLow']",4262.0
0.5666666666666667,0.5555555555555556,0.5333333333333333,0.5444444444444444,0.5222222222222223,0.5222222222222223,0.5111111111111111,0.5444444444444444,358.0,363.0,375.0,355.0,389.0,376.0,383.0,387.0,0.5375,0.5388888888888889,0.0175132225179423,"('ER', 'AGP')","['DNA', 'RNA', 'Mito', 'Brightfield', 'BFLow', 'BFHigh']",4262.0
0.6,0.6,0.5777777777777777,0.5555555555555556,0.5444444444444444,0.5333333333333333,0.5111111111111111,0.5666666666666667,357.0,366.0,378.0,369.0,391.0,382.0,389.0,397.0,0.5611111111111111,0.5611111111111111,0.0293972367896065,"('RNA', 'BFLow')","['DNA', 'ER', 'Mito', 'AGP', 'Brightfield', 'BFHigh']",4262.0
0.5666666666666667,0.5555555555555556,0.5555555555555556,0.5555555555555556,0.5222222222222223,0.5222222222222223,0.5,0.5333333333333333,354.0,356.0,365.0,356.0,386.0,378.0,381.0,396.0,0.5388888888888889,0.5444444444444445,0.0215165741455967,"('RNA', 'AGP')","['DNA', 'ER', 'Mito', 'Brightfield', 'BFLow', 'BFHigh']",4262.0
0.5666666666666667,0.5777777777777777,0.5666666666666667,0.5555555555555556,0.5,0.5111111111111111,0.4888888888888889,0.5,365.0,366.0,382.0,363.0,368.0,365.0,364.0,373.0,0.5333333333333333,0.5333333333333333,0.0342467444609387,"('RNA', 'Mito')","['DNA', 'ER', 'AGP', 'Brightfield', 'BFLow', 'BFHigh']",4262.0
0.5555555555555556,0.5777777777777777,0.5555555555555556,0.5333333333333333,0.5111111111111111,0.5333333333333333,0.5,0.5555555555555556,365.0,366.0,381.0,369.0,397.0,388.0,391.0,398.0,0.5402777777777777,0.5444444444444445,0.024176243313235,"('RNA', 'BFHigh')","['DNA', 'ER', 'Mito', 'AGP', 'Brightfield', 'BFLow']",4262.0
0.5888888888888889,0.5666666666666667,0.5555555555555556,0.5666666666666667,0.5222222222222223,0.5333333333333333,0.5,0.5444444444444444,353.0,354.0,370.0,360.0,380.0,370.0,375.0,378.0,0.5472222222222222,0.55,0.0264983111504707,"('AGP', 'Brightfield')","['DNA', 'RNA', 'ER', 'Mito', 'BFLow', 'BFHigh']",4262.0
0.5666666666666667,0.5555555555555556,0.5444444444444444,0.5333333333333333,0.4777777777777778,0.5111111111111111,0.4888888888888889,0.5111111111111111,350.0,354.0,363.0,347.0,348.0,343.0,345.0,345.0,0.5236111111111111,0.5222222222222221,0.0296260125106965,"('Mito', 'AGP')","['DNA', 'RNA', 'ER', 'Brightfield', 'BFLow', 'BFHigh']",4262.0
0.5222222222222223,0.5666666666666667,0.5333333333333333,0.5555555555555556,0.5111111111111111,0.5111111111111111,0.5111111111111111,0.5666666666666667,325.0,331.0,337.0,328.0,347.0,344.0,342.0,350.0,0.5347222222222222,0.5277777777777778,0.0231990181784584,"('DNA', 'AGP')","['RNA', 'ER', 'Mito', 'Brightfield', 'BFLow', 'BFHigh']",4262.0
0.5555555555555556,0.5555555555555556,0.5222222222222223,0.5222222222222223,0.4777777777777778,0.5111111111111111,0.5,0.5111111111111111,309.0,312.0,317.0,309.0,314.0,314.0,311.0,321.0,0.5194444444444445,0.5166666666666666,0.0246894289369877,"('RNA', 'Mito', 'AGP')","['DNA', 'ER', 'Brightfield', 'BFLow', 'BFHigh']",3527.0
0.6,0.5888888888888889,0.5777777777777777,0.5555555555555556,0.5333333333333333,0.5222222222222223,0.5111111111111111,0.5666666666666667,307.0,313.0,320.0,311.0,339.0,333.0,335.0,345.0,0.5569444444444445,0.5611111111111111,0.0301424089086259,"('RNA', 'AGP', 'BFLow')","['DNA', 'ER', 'Mito', 'Brightfield', 'BFHigh']",3527.0
0.6333333333333333,0.6111111111111112,0.5666666666666667,0.5666666666666667,0.5222222222222223,0.5222222222222223,0.5111111111111111,0.5,314.0,319.0,336.0,326.0,316.0,304.0,308.0,309.0,0.5541666666666667,0.5444444444444445,0.0456224102934912,"('Mito', 'Brightfield', 'BFLow')","['DNA', 'RNA', 'ER', 'AGP', 'BFHigh']",3527.0
0.5888888888888889,0.5888888888888889,0.5666666666666667,0.5444444444444444,0.5333333333333333,0.5333333333333333,0.5222222222222223,0.5666666666666667,293.0,305.0,311.0,310.0,318.0,316.0,319.0,331.0,0.5555555555555556,0.5555555555555556,0.0242161052418926,"('DNA', 'ER', 'BFLow')","['RNA', 'Mito', 'AGP', 'Brightfield', 'BFHigh']",3527.0
0.5555555555555556,0.5777777777777777,0.5666666666666667,0.5333333333333333,0.5,0.5222222222222223,0.4888888888888889,0.4888888888888889,289.0,298.0,310.0,289.0,292.0,285.0,284.0,291.0,0.5291666666666667,0.5277777777777778,0.0328377511598246,"('DNA', 'Mito', 'Brightfield')","['RNA', 'ER', 'AGP', 'BFLow', 'BFHigh']",3527.0
0.5444444444444444,0.5444444444444444,0.5444444444444444,0.5444444444444444,0.5333333333333333,0.5111111111111111,0.5111111111111111,0.5555555555555556,290.0,296.0,304.0,291.0,318.0,320.0,317.0,322.0,0.536111111111111,0.5444444444444444,0.0154660121189722,"('DNA', 'ER', 'AGP')","['RNA', 'Mito', 'Brightfield', 'BFLow', 'BFHigh']",3527.0
0.5666666666666667,0.5333333333333333,0.5444444444444444,0.5444444444444444,0.5111111111111111,0.5111111111111111,0.5111111111111111,0.5555555555555556,314.0,317.0,331.0,311.0,348.0,336.0,337.0,339.0,0.5347222222222222,0.5388888888888889,0.0203651087480766,"('ER', 'AGP', 'BFHigh')","['DNA', 'RNA', 'Mito', 'Brightfield', 'BFLow']",3527.0
0.6,0.5888888888888889,0.5555555555555556,0.5555555555555556,0.4888888888888889,0.5222222222222223,0.4888888888888889,0.4777777777777778,309.0,312.0,328.0,311.0,310.0,303.0,307.0,306.0,0.5347222222222222,0.538888888888889,0.0442487008946499,"('Mito', 'AGP', 'Brightfield')","['DNA', 'RNA', 'ER', 'BFLow', 'BFHigh']",3527.0
0.5555555555555556,0.5555555555555556,0.5666666666666667,0.5222222222222223,0.5,0.5111111111111111,0.4888888888888889,0.5222222222222223,323.0,323.0,336.0,321.0,330.0,325.0,321.0,326.0,0.5277777777777778,0.5222222222222223,0.0266435084628484,"('RNA', 'Mito', 'BFHigh')","['DNA', 'ER', 'AGP', 'Brightfield', 'BFLow']",3527.0
0.5222222222222223,0.5666666666666667,0.5333333333333333,0.5222222222222223,0.4888888888888889,0.5111111111111111,0.5111111111111111,0.5111111111111111,300.0,307.0,311.0,304.0,299.0,305.0,301.0,306.0,0.5208333333333334,0.5166666666666666,0.0211092835466259,"('DNA', 'ER', 'Mito')","['RNA', 'AGP', 'Brightfield', 'BFLow', 'BFHigh']",3527.0
0.5666666666666667,0.5333333333333333,0.5555555555555556,0.5555555555555556,0.5444444444444444,0.5222222222222223,0.5111111111111111,0.5333333333333333,306.0,308.0,322.0,313.0,333.0,323.0,323.0,331.0,0.5402777777777777,0.5388888888888889,0.0175132225179423,"('AGP', 'Brightfield', 'BFHigh')","['DNA', 'RNA', 'ER', 'Mito', 'BFLow']",3527.0
0.6111111111111112,0.5888888888888889,0.6,0.5666666666666667,0.5444444444444444,0.5333333333333333,0.5222222222222223,0.5666666666666667,283.0,295.0,301.0,300.0,303.0,307.0,307.0,313.0,0.5666666666666667,0.5666666666666667,0.0299175822618583,"('DNA', 'Brightfield', 'BFLow')","['RNA', 'ER', 'Mito', 'AGP', 'BFHigh']",3527.0
0.5555555555555556,0.5444444444444444,0.5555555555555556,0.5555555555555556,0.5111111111111111,0.5222222222222223,0.5111111111111111,0.5666666666666667,312.0,310.0,319.0,312.0,343.0,336.0,339.0,346.0,0.5402777777777777,0.55,0.0207405340598167,"('RNA', 'AGP', 'BFHigh')","['DNA', 'ER', 'Mito', 'Brightfield', 'BFLow']",3527.0
0.5888888888888889,0.5777777777777777,0.5444444444444444,0.5555555555555556,0.5222222222222223,0.5333333333333333,0.5111111111111111,0.5666666666666667,281.0,296.0,298.0,292.0,315.0,316.0,319.0,324.0,0.55,0.55,0.0254587538608657,"('DNA', 'RNA', 'BFLow')","['ER', 'Mito', 'AGP', 'Brightfield', 'BFHigh']",3527.0
0.6222222222222222,0.5888888888888889,0.5666666666666667,0.5333333333333333,0.5111111111111111,0.5222222222222223,0.5,0.5111111111111111,328.0,331.0,345.0,328.0,334.0,319.0,323.0,325.0,0.5444444444444445,0.5277777777777778,0.0408248290463863,"('ER', 'Mito', 'Brightfield')","['DNA', 'RNA', 'AGP', 'BFLow', 'BFHigh']",3527.0
0.5666666666666667,0.5555555555555556,0.5555555555555556,0.5333333333333333,0.5222222222222223,0.5222222222222223,0.5,0.5,318.0,321.0,337.0,317.0,318.0,306.0,307.0,312.0,0.5319444444444444,0.5277777777777778,0.02385495005183,"('Mito', 'Brightfield', 'BFHigh')","['DNA', 'RNA', 'ER', 'AGP', 'BFLow']",3527.0
0.6,0.5888888888888889,0.5555555555555556,0.5444444444444444,0.5222222222222223,0.5333333333333333,0.5111111111111111,0.5444444444444444,326.0,332.0,346.0,335.0,352.0,336.0,342.0,351.0,0.5499999999999999,0.5444444444444444,0.0288675134594812,"('ER', 'BFLow', 'BFHigh')","['DNA', 'RNA', 'Mito', 'AGP', 'Brightfield']",3527.0
0.6222222222222222,0.5888888888888889,0.5666666666666667,0.5444444444444444,0.5222222222222223,0.5333333333333333,0.5,0.5555555555555556,311.0,312.0,323.0,310.0,327.0,321.0,327.0,335.0,0.5541666666666667,0.55,0.0361911506133205,"('RNA', 'ER', 'BFLow')","['DNA', 'Mito', 'AGP', 'Brightfield', 'BFHigh']",3527.0
0.5666666666666667,0.5666666666666667,0.5444444444444444,0.5666666666666667,0.5222222222222223,0.5333333333333333,0.5,0.5333333333333333,284.0,286.0,300.0,287.0,303.0,304.0,302.0,307.0,0.5416666666666666,0.5388888888888889,0.022737091032979,"('DNA', 'AGP', 'Brightfield')","['RNA', 'ER', 'Mito', 'BFLow', 'BFHigh']",3527.0
0.5444444444444444,0.5555555555555556,0.5444444444444444,0.5666666666666667,0.5222222222222223,0.5222222222222223,0.5111111111111111,0.5666666666666667,285.0,287.0,293.0,284.0,312.0,311.0,314.0,324.0,0.5416666666666667,0.5444444444444444,0.0198373011903968,"('DNA', 'RNA', 'AGP')","['ER', 'Mito', 'Brightfield', 'BFLow', 'BFHigh']",3527.0
0.5444444444444444,0.5555555555555556,0.5333333333333333,0.5222222222222223,0.5,0.5333333333333333,0.5222222222222223,0.5777777777777777,302.0,308.0,317.0,310.0,322.0,322.0,316.0,335.0,0.5361111111111112,0.5333333333333333,0.0220479275922049,"('DNA', 'ER', 'BFHigh')","['RNA', 'Mito', 'AGP', 'Brightfield', 'BFLow']",3527.0
0.6,0.6,0.5444444444444444,0.5555555555555556,0.5111111111111111,0.5444444444444444,0.5,0.5666666666666667,314.0,324.0,334.0,326.0,349.0,338.0,344.0,352.0,0.5527777777777777,0.55,0.0341339047984569,"('RNA', 'BFLow', 'BFHigh')","['DNA', 'ER', 'Mito', 'AGP', 'Brightfield']",3527.0
0.5555555555555556,0.5777777777777777,0.5222222222222223,0.5111111111111111,0.5,0.5,0.4888888888888889,0.5,295.0,300.0,304.0,293.0,300.0,298.0,296.0,303.0,0.5194444444444444,0.5055555555555555,0.0292657048690353,"('DNA', 'RNA', 'Mito')","['ER', 'AGP', 'Brightfield', 'BFLow', 'BFHigh']",3527.0
0.6333333333333333,0.6,0.5777777777777777,0.5777777777777777,0.5333333333333333,0.5333333333333333,0.5111111111111111,0.5222222222222223,322.0,331.0,342.0,336.0,345.0,336.0,344.0,346.0,0.5611111111111111,0.5555555555555556,0.0400616808384887,"('ER', 'Brightfield', 'BFLow')","['DNA', 'RNA', 'Mito', 'AGP', 'BFHigh']",3527.0
0.5555555555555556,0.5333333333333333,0.5888888888888889,0.5666666666666667,0.5111111111111111,0.5111111111111111,0.5,0.5555555555555556,299.0,303.0,310.0,299.0,321.0,316.0,320.0,323.0,0.5402777777777777,0.5444444444444445,0.0293644090442583,"('RNA', 'ER', 'AGP')","['DNA', 'Mito', 'Brightfield', 'BFLow', 'BFHigh']",3527.0
0.5777777777777777,0.5666666666666667,0.5444444444444444,0.5111111111111111,0.4777777777777778,0.5111111111111111,0.5111111111111111,0.5333333333333333,283.0,298.0,303.0,296.0,288.0,276.0,279.0,287.0,0.5291666666666666,0.5222222222222221,0.0309008270295652,"('DNA', 'Mito', 'BFLow')","['RNA', 'ER', 'AGP', 'Brightfield', 'BFHigh']",3527.0
0.5333333333333333,0.5666666666666667,0.5555555555555556,0.5111111111111111,0.4888888888888889,0.5,0.5,0.5,310.0,307.0,318.0,303.0,312.0,310.0,310.0,312.0,0.5194444444444445,0.5055555555555555,0.0270744287355804,"('RNA', 'ER', 'Mito')","['DNA', 'AGP', 'Brightfield', 'BFLow', 'BFHigh']",3527.0
0.6,0.5444444444444444,0.5444444444444444,0.5555555555555556,0.5444444444444444,0.5444444444444444,0.5111111111111111,0.5555555555555556,293.0,299.0,307.0,297.0,310.0,309.0,306.0,316.0,0.55,0.5444444444444444,0.0229061423645425,"('DNA', 'Brightfield', 'BFHigh')","['RNA', 'ER', 'Mito', 'AGP', 'BFLow']",3527.0
0.5777777777777777,0.5888888888888889,0.5555555555555556,0.5555555555555556,0.5222222222222223,0.5333333333333333,0.5,0.5222222222222223,313.0,317.0,338.0,318.0,348.0,335.0,341.0,342.0,0.5444444444444444,0.5444444444444445,0.0283278861866265,"('ER', 'AGP', 'Brightfield')","['DNA', 'RNA', 'Mito', 'BFLow', 'BFHigh']",3527.0
0.5888888888888889,0.5666666666666667,0.5333333333333333,0.5222222222222223,0.5,0.5444444444444444,0.5111111111111111,0.5666666666666667,293.0,298.0,305.0,295.0,323.0,324.0,321.0,332.0,0.5416666666666666,0.5388888888888889,0.0287335567577461,"('DNA', 'RNA', 'BFHigh')","['ER', 'Mito', 'AGP', 'Brightfield', 'BFLow']",3527.0
0.6222222222222222,0.6,0.6111111111111112,0.5666666666666667,0.5333333333333333,0.5333333333333333,0.5222222222222223,0.5333333333333333,313.0,319.0,332.0,328.0,344.0,337.0,346.0,350.0,0.5652777777777778,0.55,0.0378583699178861,"('RNA', 'Brightfield', 'BFLow')","['DNA', 'ER', 'Mito', 'AGP', 'BFHigh']",3527.0
0.6,0.5777777777777777,0.5777777777777777,0.5444444444444444,0.5222222222222223,0.5111111111111111,0.5111111111111111,0.5111111111111111,303.0,311.0,321.0,309.0,307.0,298.0,298.0,300.0,0.5444444444444444,0.5333333333333333,0.0337931251683234,"('Mito', 'AGP', 'BFLow')","['DNA', 'RNA', 'ER', 'Brightfield', 'BFHigh']",3527.0
0.5333333333333333,0.5555555555555556,0.5111111111111111,0.5222222222222223,0.4666666666666667,0.5111111111111111,0.4888888888888889,0.5222222222222223,282.0,284.0,294.0,279.0,281.0,276.0,274.0,280.0,0.5138888888888888,0.5166666666666666,0.0253067599420675,"('DNA', 'Mito', 'AGP')","['RNA', 'ER', 'Brightfield', 'BFLow', 'BFHigh']",3527.0
0.6,0.5888888888888889,0.5666666666666667,0.5444444444444444,0.5,0.5222222222222223,0.4777777777777778,0.5,325.0,322.0,338.0,325.0,329.0,320.0,322.0,327.0,0.5375,0.5333333333333333,0.0419205229799626,"('RNA', 'Mito', 'Brightfield')","['DNA', 'ER', 'AGP', 'BFLow', 'BFHigh']",3527.0
0.5444444444444444,0.5666666666666667,0.5555555555555556,0.5333333333333333,0.5222222222222223,0.5444444444444444,0.5111111111111111,0.5444444444444444,285.0,290.0,296.0,284.0,303.0,310.0,308.0,315.0,0.5402777777777777,0.5444444444444444,0.0166086954765297,"('DNA', 'RNA', 'ER')","['Mito', 'AGP', 'Brightfield', 'BFLow', 'BFHigh']",3527.0
0.5777777777777777,0.5666666666666667,0.5555555555555556,0.5666666666666667,0.5222222222222223,0.5222222222222223,0.5,0.5444444444444444,312.0,311.0,325.0,317.0,345.0,337.0,343.0,352.0,0.5444444444444444,0.55,0.0254587538608657,"('RNA', 'AGP', 'Brightfield')","['DNA', 'ER', 'Mito', 'BFLow', 'BFHigh']",3527.0
0.5666666666666667,0.5666666666666667,0.5444444444444444,0.5222222222222223,0.5111111111111111,0.5333333333333333,0.5,0.5333333333333333,313.0,313.0,321.0,310.0,334.0,328.0,331.0,335.0,0.5347222222222222,0.5333333333333333,0.0225239926947595,"('RNA', 'ER', 'BFHigh')","['DNA', 'Mito', 'AGP', 'Brightfield', 'BFLow']",3527.0
0.5666666666666667,0.5444444444444444,0.5666666666666667,0.5111111111111111,0.5333333333333333,0.5333333333333333,0.5111111111111111,0.5444444444444444,327.0,325.0,339.0,330.0,347.0,333.0,341.0,345.0,0.5388888888888889,0.5388888888888889,0.0200308404192443,"('ER', 'Brightfield', 'BFHigh')","['DNA', 'RNA', 'Mito', 'AGP', 'BFLow']",3527.0
0.5666666666666667,0.5888888888888889,0.5888888888888889,0.5666666666666667,0.5444444444444444,0.5333333333333333,0.5333333333333333,0.5666666666666667,299.0,303.0,311.0,305.0,320.0,321.0,323.0,333.0,0.5611111111111111,0.5666666666666667,0.0207869854820774,"('DNA', 'ER', 'Brightfield')","['RNA', 'Mito', 'AGP', 'BFLow', 'BFHigh']",3527.0
0.6,0.5888888888888889,0.5666666666666667,0.5222222222222223,0.5,0.5,0.5222222222222223,0.5222222222222223,326.0,330.0,341.0,331.0,328.0,320.0,323.0,324.0,0.5402777777777777,0.5222222222222223,0.0368252043987856,"('ER', 'Mito', 'BFLow')","['DNA', 'RNA', 'AGP', 'Brightfield', 'BFHigh']",3527.0
0.5666666666666667,0.5777777777777777,0.5555555555555556,0.5444444444444444,0.5333333333333333,0.5333333333333333,0.5222222222222223,0.5333333333333333,303.0,311.0,319.0,315.0,332.0,321.0,321.0,328.0,0.5458333333333334,0.5388888888888889,0.0179483999768334,"('AGP', 'BFLow', 'BFHigh')","['DNA', 'RNA', 'ER', 'Mito', 'Brightfield']",3527.0
0.5555555555555556,0.5444444444444444,0.5444444444444444,0.5111111111111111,0.4888888888888889,0.5111111111111111,0.4888888888888889,0.5,289.0,302.0,307.0,292.0,296.0,290.0,283.0,292.0,0.5180555555555555,0.5111111111111111,0.0248063487492941,"('DNA', 'Mito', 'BFHigh')","['RNA', 'ER', 'AGP', 'Brightfield', 'BFLow']",3527.0
0.5666666666666667,0.5666666666666667,0.5222222222222223,0.5555555555555556,0.5333333333333333,0.5222222222222223,0.5111111111111111,0.5555555555555556,276.0,287.0,294.0,287.0,299.0,295.0,297.0,303.0,0.5416666666666667,0.5444444444444445,0.0206005513530435,"('DNA', 'AGP', 'BFLow')","['RNA', 'ER', 'Mito', 'Brightfield', 'BFHigh']",3527.0
0.6,0.6111111111111112,0.5777777777777777,0.5444444444444444,0.5444444444444444,0.5333333333333333,0.5,0.5777777777777777,305.0,311.0,321.0,319.0,325.0,311.0,320.0,325.0,0.5611111111111111,0.5611111111111111,0.0346944333244355,"('Brightfield', 'BFLow', 'BFHigh')","['DNA', 'RNA', 'ER', 'Mito', 'AGP']",3527.0
0.5444444444444444,0.5444444444444444,0.5333333333333333,0.5222222222222223,0.4777777777777778,0.5111111111111111,0.5,0.5111111111111111,312.0,315.0,321.0,309.0,318.0,313.0,314.0,316.0,0.5180555555555555,0.5166666666666666,0.0214717011579726,"('ER', 'Mito', 'AGP')","['DNA', 'RNA', 'Brightfield', 'BFLow', 'BFHigh']",3527.0
0.5777777777777777,0.5777777777777777,0.5333333333333333,0.5444444444444444,0.5333333333333333,0.5333333333333333,0.5111111111111111,0.5444444444444444,320.0,314.0,330.0,319.0,346.0,337.0,346.0,350.0,0.5444444444444444,0.5388888888888889,0.0215165741455967,"('RNA', 'Brightfield', 'BFHigh')","['DNA', 'ER', 'Mito', 'AGP', 'BFLow']",3527.0
0.5888888888888889,0.5888888888888889,0.5666666666666667,0.5333333333333333,0.5111111111111111,0.5111111111111111,0.5111111111111111,0.5222222222222223,311.0,325.0,334.0,325.0,319.0,307.0,306.0,316.0,0.5416666666666666,0.5277777777777778,0.0322748612183951,"('Mito', 'BFLow', 'BFHigh')","['DNA', 'RNA', 'ER', 'AGP', 'Brightfield']",3527.0
0.5333333333333333,0.5555555555555556,0.5444444444444444,0.5111111111111111,0.4888888888888889,0.5111111111111111,0.4888888888888889,0.5111111111111111,305.0,308.0,319.0,308.0,312.0,305.0,302.0,304.0,0.5180555555555555,0.5111111111111111,0.0228639967127143,"('Mito', 'AGP', 'BFHigh')","['DNA', 'RNA', 'ER', 'Brightfield', 'BFLow']",3527.0
0.5111111111111111,0.5333333333333333,0.5222222222222223,0.5555555555555556,0.4888888888888889,0.5333333333333333,0.5111111111111111,0.5777777777777777,283.0,289.0,297.0,290.0,307.0,304.0,298.0,306.0,0.5291666666666666,0.5277777777777778,0.0260208249933266,"('DNA', 'AGP', 'BFHigh')","['RNA', 'ER', 'Mito', 'Brightfield', 'BFLow']",3527.0
0.6,0.5777777777777777,0.5666666666666667,0.5666666666666667,0.5111111111111111,0.5,0.5222222222222223,0.5444444444444444,320.0,321.0,335.0,326.0,327.0,321.0,318.0,325.0,0.548611111111111,0.5555555555555556,0.0328377511598246,"('RNA', 'Mito', 'BFLow')","['DNA', 'ER', 'AGP', 'Brightfield', 'BFHigh']",3527.0
0.5888888888888889,0.6222222222222222,0.5888888888888889,0.5444444444444444,0.5222222222222223,0.5444444444444444,0.5,0.5333333333333333,310.0,313.0,326.0,313.0,335.0,326.0,336.0,338.0,0.5555555555555556,0.5444444444444444,0.038086970002228,"('RNA', 'ER', 'Brightfield')","['DNA', 'Mito', 'AGP', 'BFLow', 'BFHigh']",3527.0
0.5666666666666667,0.5444444444444444,0.5555555555555556,0.5222222222222223,0.4888888888888889,0.5222222222222223,0.5,0.5333333333333333,329.0,329.0,341.0,324.0,327.0,319.0,322.0,324.0,0.5291666666666667,0.5277777777777778,0.024806348749294,"('ER', 'Mito', 'BFHigh')","['DNA', 'RNA', 'AGP', 'Brightfield', 'BFLow']",3527.0
0.5888888888888889,0.5888888888888889,0.5666666666666667,0.5666666666666667,0.5222222222222223,0.5444444444444444,0.5111111111111111,0.5555555555555556,287.0,293.0,300.0,289.0,319.0,316.0,322.0,328.0,0.5555555555555556,0.5611111111111111,0.0266435084628484,"('DNA', 'RNA', 'Brightfield')","['ER', 'Mito', 'AGP', 'BFLow', 'BFHigh']",3527.0
0.5777777777777777,0.5777777777777777,0.5333333333333333,0.5555555555555556,0.5333333333333333,0.5444444444444444,0.5222222222222223,0.5777777777777777,285.0,303.0,304.0,303.0,313.0,306.0,305.0,314.0,0.5527777777777778,0.55,0.0213365159663016,"('DNA', 'BFLow', 'BFHigh')","['RNA', 'ER', 'Mito', 'AGP', 'Brightfield']",3527.0
0.6,0.6,0.5555555555555556,0.5333333333333333,0.5333333333333333,0.5333333333333333,0.5111111111111111,0.5333333333333333,303.0,311.0,322.0,317.0,327.0,322.0,324.0,331.0,0.5499999999999999,0.5333333333333333,0.0309320242379445,"('AGP', 'Brightfield', 'BFLow')","['DNA', 'RNA', 'ER', 'Mito', 'BFHigh']",3527.0
0.6,0.5888888888888889,0.5666666666666667,0.5555555555555556,0.5444444444444444,0.5222222222222223,0.5111111111111111,0.5666666666666667,311.0,320.0,330.0,314.0,342.0,331.0,336.0,338.0,0.5569444444444445,0.5611111111111111,0.028565227501671,"('ER', 'AGP', 'BFLow')","['DNA', 'RNA', 'Mito', 'Brightfield', 'BFHigh']",3527.0
0.5666666666666667,0.5444444444444444,0.5666666666666667,0.5222222222222223,0.5,0.5333333333333333,0.5111111111111111,0.5444444444444444,248.0,253.0,255.0,249.0,266.0,271.0,264.0,276.0,0.5361111111111111,0.5388888888888889,0.022737091032979,"('DNA', 'RNA', 'ER', 'BFHigh')","['Mito', 'AGP', 'Brightfield', 'BFLow']",2816.0
0.5333333333333333,0.5222222222222223,0.5333333333333333,0.5222222222222223,0.4777777777777778,0.4888888888888889,0.5,0.5111111111111111,271.0,275.0,280.0,266.0,278.0,275.0,271.0,275.0,0.5111111111111111,0.5166666666666666,0.0192450089729875,"('ER', 'Mito', 'AGP', 'BFHigh')","['DNA', 'RNA', 'Brightfield', 'BFLow']",2816.0
0.5777777777777777,0.5444444444444444,0.5444444444444444,0.5666666666666667,0.5555555555555556,0.5444444444444444,0.4888888888888889,0.5555555555555556,247.0,250.0,257.0,247.0,276.0,276.0,274.0,281.0,0.5472222222222223,0.55,0.0246894289369877,"('DNA', 'RNA', 'Brightfield', 'BFHigh')","['ER', 'Mito', 'AGP', 'BFLow']",2816.0
0.5666666666666667,0.5222222222222223,0.5555555555555556,0.5,0.4888888888888889,0.5111111111111111,0.4888888888888889,0.4888888888888889,245.0,257.0,266.0,249.0,248.0,244.0,237.0,245.0,0.5152777777777778,0.5055555555555555,0.0288340826278148,"('DNA', 'Mito', 'Brightfield', 'BFHigh')","['RNA', 'ER', 'AGP', 'BFLow']",2816.0
0.5444444444444444,0.5222222222222223,0.5777777777777777,0.5333333333333333,0.4888888888888889,0.5111111111111111,0.5222222222222223,0.5333333333333333,239.0,239.0,251.0,235.0,257.0,258.0,258.0,262.0,0.5291666666666667,0.5277777777777778,0.024176243313235,"('DNA', 'RNA', 'ER', 'AGP')","['Mito', 'Brightfield', 'BFLow', 'BFHigh']",2816.0
0.6222222222222222,0.6111111111111112,0.5777777777777777,0.5444444444444444,0.5222222222222223,0.5222222222222223,0.5111111111111111,0.4777777777777778,287.0,285.0,299.0,288.0,285.0,276.0,281.0,279.0,0.5486111111111112,0.5333333333333333,0.0474463634792742,"('ER', 'Mito', 'Brightfield', 'BFLow')","['DNA', 'RNA', 'AGP', 'BFHigh']",2816.0
0.6,0.5888888888888889,0.5555555555555556,0.5444444444444444,0.5222222222222223,0.5111111111111111,0.5,0.4777777777777778,259.0,271.0,280.0,270.0,264.0,258.0,260.0,261.0,0.5375,0.5333333333333333,0.0400375980705543,"('Mito', 'AGP', 'Brightfield', 'BFLow')","['DNA', 'RNA', 'ER', 'BFHigh']",2816.0
0.5777777777777777,0.5444444444444444,0.5444444444444444,0.5333333333333333,0.5444444444444444,0.5,0.5,0.5666666666666667,245.0,251.0,264.0,257.0,272.0,260.0,264.0,269.0,0.5388888888888889,0.5444444444444444,0.0260578653323523,"('AGP', 'Brightfield', 'BFLow', 'BFHigh')","['DNA', 'RNA', 'ER', 'Mito']",2816.0
0.5666666666666667,0.5444444444444444,0.5444444444444444,0.5111111111111111,0.5111111111111111,0.5,0.4888888888888889,0.5,281.0,279.0,291.0,276.0,284.0,280.0,277.0,281.0,0.5208333333333333,0.5111111111111111,0.0257225821909057,"('RNA', 'Mito', 'Brightfield', 'BFHigh')","['DNA', 'ER', 'AGP', 'BFLow']",2816.0
0.5555555555555556,0.5444444444444444,0.5555555555555556,0.5,0.5333333333333333,0.5333333333333333,0.5,0.5333333333333333,272.0,268.0,277.0,264.0,291.0,279.0,287.0,289.0,0.5319444444444444,0.5333333333333333,0.0203651087480766,"('RNA', 'ER', 'Brightfield', 'BFHigh')","['DNA', 'Mito', 'AGP', 'BFLow']",2816.0
0.6,0.5666666666666667,0.5555555555555556,0.5444444444444444,0.5222222222222223,0.5,0.5222222222222223,0.5222222222222223,282.0,284.0,299.0,288.0,287.0,278.0,281.0,283.0,0.5416666666666666,0.5333333333333333,0.02978834804101,"('ER', 'Mito', 'BFLow', 'BFHigh')","['DNA', 'RNA', 'AGP', 'Brightfield']",2816.0
0.5888888888888889,0.5666666666666667,0.5555555555555556,0.5444444444444444,0.5444444444444444,0.5222222222222223,0.5111111111111111,0.5333333333333333,237.0,245.0,251.0,249.0,256.0,259.0,259.0,263.0,0.5458333333333333,0.5444444444444444,0.0231990181784584,"('DNA', 'AGP', 'Brightfield', 'BFLow')","['RNA', 'ER', 'Mito', 'BFHigh']",2816.0
0.5777777777777777,0.5666666666666667,0.5888888888888889,0.5555555555555556,0.5333333333333333,0.5333333333333333,0.5111111111111111,0.5444444444444444,247.0,251.0,256.0,246.0,264.0,271.0,270.0,277.0,0.5513888888888888,0.55,0.024176243313235,"('DNA', 'RNA', 'ER', 'Brightfield')","['Mito', 'AGP', 'BFLow', 'BFHigh']",2816.0
0.5777777777777777,0.5333333333333333,0.5666666666666667,0.5111111111111111,0.5444444444444444,0.5444444444444444,0.5111111111111111,0.5555555555555556,259.0,258.0,272.0,261.0,274.0,275.0,272.0,283.0,0.5430555555555556,0.5444444444444444,0.0225239926947595,"('DNA', 'ER', 'Brightfield', 'BFHigh')","['RNA', 'Mito', 'AGP', 'BFLow']",2816.0
0.6333333333333333,0.5777777777777777,0.5777777777777777,0.5444444444444444,0.5333333333333333,0.5111111111111111,0.5111111111111111,0.5555555555555556,265.0,269.0,279.0,273.0,293.0,289.0,295.0,298.0,0.5555555555555555,0.55,0.038086970002228,"('RNA', 'AGP', 'Brightfield', 'BFLow')","['DNA', 'ER', 'Mito', 'BFHigh']",2816.0
0.5444444444444444,0.5444444444444444,0.5333333333333333,0.5111111111111111,0.4777777777777778,0.4888888888888889,0.4888888888888889,0.5,270.0,272.0,279.0,270.0,279.0,278.0,272.0,281.0,0.5111111111111111,0.5055555555555555,0.0248451997499976,"('RNA', 'Mito', 'AGP', 'BFHigh')","['DNA', 'ER', 'Brightfield', 'BFLow']",2816.0
0.5666666666666667,0.5888888888888889,0.6,0.5555555555555556,0.5444444444444444,0.5333333333333333,0.5222222222222223,0.5333333333333333,240.0,248.0,251.0,249.0,262.0,264.0,264.0,274.0,0.5555555555555556,0.55,0.0260578653323523,"('DNA', 'RNA', 'ER', 'BFLow')","['Mito', 'AGP', 'Brightfield', 'BFHigh']",2816.0
0.5555555555555556,0.5666666666666667,0.5333333333333333,0.5444444444444444,0.5,0.5333333333333333,0.5222222222222223,0.5444444444444444,233.0,243.0,247.0,246.0,260.0,254.0,253.0,258.0,0.5375,0.5388888888888889,0.0191948263348406,"('DNA', 'AGP', 'BFLow', 'BFHigh')","['RNA', 'ER', 'Mito', 'Brightfield']",2816.0
0.5666666666666667,0.5777777777777777,0.5555555555555556,0.5333333333333333,0.4888888888888889,0.5222222222222223,0.5,0.4888888888888889,273.0,277.0,290.0,275.0,282.0,273.0,276.0,277.0,0.5291666666666667,0.5277777777777778,0.0328377511598246,"('ER', 'Mito', 'AGP', 'Brightfield')","['DNA', 'RNA', 'BFLow', 'BFHigh']",2816.0
0.6222222222222222,0.5888888888888889,0.5888888888888889,0.5333333333333333,0.5444444444444444,0.5333333333333333,0.5111111111111111,0.5555555555555556,269.0,269.0,282.0,276.0,288.0,271.0,289.0,286.0,0.5597222222222222,0.55,0.0346666221509685,"('ER', 'Brightfield', 'BFLow', 'BFHigh')","['DNA', 'RNA', 'Mito', 'AGP']",2816.0
0.5444444444444444,0.5333333333333333,0.5333333333333333,0.5666666666666667,0.5,0.5333333333333333,0.5111111111111111,0.5888888888888889,246.0,247.0,254.0,245.0,273.0,273.0,270.0,280.0,0.538888888888889,0.5333333333333333,0.0266435084628484,"('DNA', 'RNA', 'AGP', 'BFHigh')","['ER', 'Mito', 'Brightfield', 'BFLow']",2816.0
0.5666666666666667,0.6111111111111112,0.5444444444444444,0.5555555555555556,0.5333333333333333,0.5111111111111111,0.5111111111111111,0.5333333333333333,265.0,267.0,276.0,267.0,298.0,288.0,295.0,297.0,0.5458333333333333,0.5388888888888889,0.0306501062371026,"('RNA', 'AGP', 'BFLow', 'BFHigh')","['DNA', 'ER', 'Mito', 'Brightfield']",2816.0
0.5555555555555556,0.5333333333333333,0.5555555555555556,0.5555555555555556,0.5222222222222223,0.5333333333333333,0.5,0.5444444444444444,270.0,268.0,288.0,270.0,298.0,289.0,291.0,293.0,0.5375,0.5388888888888889,0.0183732729935041,"('ER', 'AGP', 'Brightfield', 'BFHigh')","['DNA', 'RNA', 'Mito', 'BFLow']",2816.0
0.5,0.5222222222222223,0.5111111111111111,0.5222222222222223,0.4777777777777778,0.5,0.5,0.5111111111111111,241.0,248.0,258.0,246.0,245.0,241.0,231.0,240.0,0.5055555555555555,0.5055555555555555,0.0136082763487954,"('DNA', 'Mito', 'AGP', 'BFHigh')","['RNA', 'ER', 'Brightfield', 'BFLow']",2816.0
0.5888888888888889,0.5777777777777777,0.5555555555555556,0.5333333333333333,0.5111111111111111,0.4888888888888889,0.5111111111111111,0.5222222222222223,272.0,276.0,281.0,273.0,274.0,270.0,271.0,272.0,0.5361111111111111,0.5277777777777778,0.0327495170070877,"('ER', 'Mito', 'AGP', 'BFLow')","['DNA', 'RNA', 'Brightfield', 'BFHigh']",2816.0
0.6,0.5666666666666667,0.5444444444444444,0.5444444444444444,0.5444444444444444,0.5333333333333333,0.5111111111111111,0.5555555555555556,229.0,243.0,248.0,245.0,254.0,248.0,252.0,258.0,0.55,0.5444444444444444,0.0242161052418926,"('DNA', 'Brightfield', 'BFLow', 'BFHigh')","['RNA', 'ER', 'Mito', 'AGP']",2816.0
0.5111111111111111,0.5333333333333333,0.5222222222222223,0.5444444444444444,0.4888888888888889,0.5222222222222223,0.5111111111111111,0.5555555555555556,251.0,256.0,268.0,254.0,279.0,275.0,272.0,279.0,0.523611111111111,0.5222222222222223,0.019592688860647,"('DNA', 'ER', 'AGP', 'BFHigh')","['RNA', 'Mito', 'Brightfield', 'BFLow']",2816.0
0.6222222222222222,0.5888888888888889,0.5666666666666667,0.5333333333333333,0.4888888888888889,0.5,0.4888888888888889,0.5222222222222223,240.0,257.0,262.0,255.0,243.0,239.0,239.0,243.0,0.538888888888889,0.5277777777777778,0.0461479103495448,"('DNA', 'Mito', 'Brightfield', 'BFLow')","['RNA', 'ER', 'AGP', 'BFHigh']",2816.0
0.5555555555555556,0.5666666666666667,0.5444444444444444,0.5222222222222223,0.5,0.5111111111111111,0.5111111111111111,0.5222222222222223,256.0,269.0,276.0,270.0,267.0,259.0,256.0,261.0,0.5291666666666667,0.5222222222222223,0.0221787769759323,"('Mito', 'AGP', 'BFLow', 'BFHigh')","['DNA', 'RNA', 'ER', 'Brightfield']",2816.0
0.6111111111111112,0.5666666666666667,0.6111111111111112,0.5777777777777777,0.5444444444444444,0.5333333333333333,0.5222222222222223,0.5444444444444444,238.0,250.0,254.0,248.0,271.0,275.0,277.0,280.0,0.5638888888888889,0.5555555555555556,0.03179311983961,"('DNA', 'RNA', 'Brightfield', 'BFLow')","['ER', 'Mito', 'AGP', 'BFHigh']",2816.0
0.6111111111111112,0.5888888888888889,0.5555555555555556,0.5111111111111111,0.5444444444444444,0.5333333333333333,0.5111111111111111,0.5555555555555556,261.0,261.0,270.0,268.0,288.0,275.0,286.0,292.0,0.5513888888888889,0.55,0.0328377511598247,"('RNA', 'Brightfield', 'BFLow', 'BFHigh')","['DNA', 'ER', 'Mito', 'AGP']",2816.0
0.5333333333333333,0.5333333333333333,0.5555555555555556,0.5444444444444444,0.5,0.5222222222222223,0.5111111111111111,0.5444444444444444,260.0,260.0,268.0,257.0,283.0,277.0,274.0,280.0,0.5305555555555556,0.5333333333333333,0.0173472166622177,"('RNA', 'ER', 'AGP', 'BFHigh')","['DNA', 'Mito', 'Brightfield', 'BFLow']",2816.0
0.6111111111111112,0.5666666666666667,0.5777777777777777,0.5333333333333333,0.5222222222222223,0.5111111111111111,0.4888888888888889,0.4888888888888889,278.0,277.0,290.0,283.0,281.0,277.0,278.0,282.0,0.5375,0.5277777777777778,0.0411776863343711,"('RNA', 'Mito', 'Brightfield', 'BFLow')","['DNA', 'ER', 'AGP', 'BFHigh']",2816.0
0.6333333333333333,0.6,0.6111111111111112,0.5555555555555556,0.5555555555555556,0.5333333333333333,0.5,0.5555555555555556,270.0,270.0,281.0,273.0,284.0,280.0,287.0,291.0,0.5680555555555556,0.5555555555555556,0.0409898737871491,"('RNA', 'ER', 'Brightfield', 'BFLow')","['DNA', 'Mito', 'AGP', 'BFHigh']",2816.0
0.5444444444444444,0.5333333333333333,0.5111111111111111,0.5222222222222223,0.5,0.5111111111111111,0.4888888888888889,0.5111111111111111,256.0,264.0,265.0,256.0,265.0,262.0,258.0,263.0,0.5152777777777777,0.5111111111111111,0.0166086954765297,"('DNA', 'RNA', 'Mito', 'BFHigh')","['ER', 'AGP', 'Brightfield', 'BFLow']",2816.0
0.5777777777777777,0.5777777777777777,0.5444444444444444,0.5555555555555556,0.5222222222222223,0.5333333333333333,0.5111111111111111,0.5666666666666667,242.0,255.0,260.0,252.0,279.0,277.0,276.0,284.0,0.5486111111111112,0.55,0.0235292699251352,"('DNA', 'RNA', 'BFLow', 'BFHigh')","['ER', 'Mito', 'AGP', 'Brightfield']",2816.0
0.5555555555555556,0.5333333333333333,0.5333333333333333,0.5222222222222223,0.5,0.5222222222222223,0.4777777777777778,0.5222222222222223,260.0,267.0,273.0,264.0,260.0,263.0,257.0,265.0,0.5208333333333334,0.5222222222222223,0.021828102285419,"('DNA', 'ER', 'Mito', 'BFHigh')","['RNA', 'AGP', 'Brightfield', 'BFLow']",2816.0
0.6111111111111112,0.5777777777777777,0.5666666666666667,0.5333333333333333,0.4666666666666667,0.5111111111111111,0.4666666666666667,0.4888888888888889,273.0,272.0,283.0,275.0,280.0,275.0,276.0,283.0,0.5277777777777777,0.5222222222222221,0.0503076952118745,"('RNA', 'Mito', 'AGP', 'Brightfield')","['DNA', 'ER', 'BFLow', 'BFHigh']",2816.0
0.5555555555555556,0.5222222222222223,0.5555555555555556,0.5222222222222223,0.4888888888888889,0.5111111111111111,0.4888888888888889,0.5,268.0,267.0,275.0,264.0,275.0,272.0,267.0,273.0,0.5180555555555556,0.5166666666666666,0.0248063487492941,"('RNA', 'ER', 'Mito', 'BFHigh')","['DNA', 'AGP', 'Brightfield', 'BFLow']",2816.0
0.6,0.5777777777777777,0.5888888888888889,0.5444444444444444,0.5333333333333333,0.5333333333333333,0.5222222222222223,0.5555555555555556,251.0,259.0,266.0,263.0,272.0,276.0,278.0,283.0,0.5569444444444445,0.55,0.0268957176819959,"('DNA', 'ER', 'Brightfield', 'BFLow')","['RNA', 'Mito', 'AGP', 'BFHigh']",2816.0
0.5111111111111111,0.5444444444444444,0.5888888888888889,0.5111111111111111,0.4777777777777778,0.5,0.5111111111111111,0.4888888888888889,249.0,248.0,255.0,241.0,250.0,253.0,251.0,252.0,0.5166666666666666,0.5111111111111111,0.0328671099061089,"('DNA', 'RNA', 'ER', 'Mito')","['AGP', 'Brightfield', 'BFLow', 'BFHigh']",2816.0
0.5888888888888889,0.5888888888888889,0.5888888888888889,0.5444444444444444,0.5333333333333333,0.5333333333333333,0.5,0.5555555555555556,268.0,270.0,279.0,270.0,293.0,280.0,288.0,292.0,0.5541666666666667,0.55,0.0306501062371026,"('RNA', 'ER', 'BFLow', 'BFHigh')","['DNA', 'Mito', 'AGP', 'Brightfield']",2816.0
0.5333333333333333,0.5666666666666667,0.5555555555555556,0.5666666666666667,0.5111111111111111,0.5333333333333333,0.5,0.5444444444444444,246.0,246.0,255.0,245.0,272.0,272.0,276.0,281.0,0.5388888888888889,0.5388888888888889,0.0229061423645425,"('DNA', 'RNA', 'AGP', 'Brightfield')","['ER', 'Mito', 'BFLow', 'BFHigh']",2816.0
0.5888888888888889,0.5666666666666667,0.5777777777777777,0.5444444444444444,0.5,0.4888888888888889,0.5111111111111111,0.5,266.0,270.0,276.0,273.0,274.0,270.0,269.0,278.0,0.5347222222222222,0.5277777777777777,0.0370341434054816,"('RNA', 'Mito', 'AGP', 'BFLow')","['DNA', 'ER', 'Brightfield', 'BFHigh']",2816.0
0.6,0.6,0.5555555555555556,0.5555555555555556,0.5444444444444444,0.5222222222222223,0.5111111111111111,0.5444444444444444,267.0,276.0,289.0,279.0,294.0,290.0,293.0,294.0,0.5541666666666666,0.55,0.0301424089086259,"('ER', 'AGP', 'Brightfield', 'BFLow')","['DNA', 'RNA', 'Mito', 'BFHigh']",2816.0
0.5555555555555556,0.5444444444444444,0.5222222222222223,0.5222222222222223,0.4666666666666667,0.4888888888888889,0.4888888888888889,0.4888888888888889,247.0,249.0,254.0,242.0,249.0,250.0,249.0,253.0,0.5097222222222222,0.5055555555555555,0.0291004539441068,"('DNA', 'RNA', 'Mito', 'AGP')","['ER', 'Brightfield', 'BFLow', 'BFHigh']",2816.0
0.5333333333333333,0.5222222222222223,0.5,0.5111111111111111,0.4555555555555555,0.4888888888888889,0.4888888888888889,0.5111111111111111,250.0,251.0,258.0,248.0,251.0,255.0,252.0,254.0,0.5013888888888889,0.5055555555555555,0.0225239926947595,"('DNA', 'ER', 'Mito', 'AGP')","['RNA', 'Brightfield', 'BFLow', 'BFHigh']",2816.0
0.5444444444444444,0.5666666666666667,0.5555555555555556,0.5333333333333333,0.4777777777777778,0.5111111111111111,0.4888888888888889,0.4888888888888889,244.0,246.0,263.0,247.0,243.0,237.0,236.0,239.0,0.5208333333333334,0.5222222222222221,0.0316410715274847,"('DNA', 'Mito', 'AGP', 'Brightfield')","['RNA', 'ER', 'BFLow', 'BFHigh']",2816.0
0.5666666666666667,0.5777777777777777,0.5333333333333333,0.5333333333333333,0.4777777777777778,0.5222222222222223,0.5111111111111111,0.5222222222222223,242.0,261.0,260.0,257.0,249.0,241.0,239.0,251.0,0.5305555555555556,0.5277777777777778,0.0292657048690353,"('DNA', 'Mito', 'BFLow', 'BFHigh')","['RNA', 'ER', 'AGP', 'Brightfield']",2816.0
0.5777777777777777,0.5777777777777777,0.5444444444444444,0.5666666666666667,0.5,0.5111111111111111,0.5222222222222223,0.5333333333333333,238.0,246.0,249.0,244.0,268.0,267.0,272.0,277.0,0.5416666666666666,0.5388888888888889,0.0281913654585894,"('DNA', 'RNA', 'AGP', 'BFLow')","['ER', 'Mito', 'Brightfield', 'BFHigh']",2816.0
0.5666666666666667,0.5555555555555556,0.5666666666666667,0.5444444444444444,0.5111111111111111,0.5222222222222223,0.5111111111111111,0.5444444444444444,250.0,254.0,273.0,255.0,279.0,278.0,282.0,280.0,0.5402777777777777,0.5444444444444444,0.0214717011579726,"('DNA', 'ER', 'AGP', 'Brightfield')","['RNA', 'Mito', 'BFLow', 'BFHigh']",2816.0
0.5777777777777777,0.5777777777777777,0.5444444444444444,0.5444444444444444,0.5111111111111111,0.5444444444444444,0.5333333333333333,0.5666666666666667,253.0,264.0,270.0,266.0,281.0,275.0,274.0,286.0,0.55,0.5444444444444444,0.0215165741455967,"('DNA', 'ER', 'BFLow', 'BFHigh')","['RNA', 'Mito', 'AGP', 'Brightfield']",2816.0
0.5666666666666667,0.5444444444444444,0.5111111111111111,0.5555555555555556,0.4666666666666667,0.4888888888888889,0.5,0.4888888888888889,237.0,244.0,252.0,247.0,240.0,231.0,229.0,238.0,0.5152777777777778,0.5055555555555555,0.0337645716142867,"('DNA', 'Mito', 'AGP', 'BFLow')","['RNA', 'ER', 'Brightfield', 'BFHigh']",2816.0
0.5666666666666667,0.5444444444444444,0.5666666666666667,0.5,0.5222222222222223,0.5333333333333333,0.5,0.4888888888888889,285.0,282.0,300.0,280.0,284.0,273.0,276.0,277.0,0.5277777777777778,0.5277777777777778,0.0283278861866265,"('ER', 'Mito', 'Brightfield', 'BFHigh')","['DNA', 'RNA', 'AGP', 'BFLow']",2816.0
0.5666666666666667,0.5777777777777777,0.5777777777777777,0.5444444444444444,0.5222222222222223,0.5222222222222223,0.5111111111111111,0.5333333333333333,260.0,266.0,278.0,266.0,286.0,279.0,284.0,286.0,0.5444444444444444,0.5388888888888889,0.0248451997499976,"('RNA', 'ER', 'AGP', 'Brightfield')","['DNA', 'Mito', 'BFLow', 'BFHigh']",2816.0
0.5666666666666667,0.5444444444444444,0.5333333333333333,0.5555555555555556,0.5333333333333333,0.5222222222222223,0.5222222222222223,0.5666666666666667,245.0,254.0,262.0,254.0,274.0,268.0,273.0,276.0,0.5430555555555556,0.5388888888888889,0.0170669523992284,"('DNA', 'ER', 'AGP', 'BFLow')","['RNA', 'Mito', 'Brightfield', 'BFHigh']",2816.0
0.5555555555555556,0.5222222222222223,0.5555555555555556,0.4888888888888889,0.5222222222222223,0.5111111111111111,0.4888888888888889,0.4777777777777778,262.0,267.0,282.0,270.0,268.0,262.0,258.0,261.0,0.5152777777777778,0.5166666666666666,0.0277430338269974,"('Mito', 'AGP', 'Brightfield', 'BFHigh')","['DNA', 'RNA', 'ER', 'BFLow']",2816.0
0.5444444444444444,0.5555555555555556,0.5333333333333333,0.4888888888888889,0.4555555555555555,0.5,0.4888888888888889,0.5,251.0,256.0,260.0,250.0,253.0,256.0,253.0,255.0,0.5083333333333333,0.5,0.0313039657488462,"('RNA', 'ER', 'Mito', 'AGP')","['DNA', 'Brightfield', 'BFLow', 'BFHigh']",2816.0
0.5888888888888889,0.5666666666666667,0.5777777777777777,0.5444444444444444,0.5111111111111111,0.5333333333333333,0.5,0.5,260.0,267.0,274.0,268.0,262.0,248.0,258.0,257.0,0.5402777777777777,0.5388888888888889,0.0328377511598246,"('Mito', 'Brightfield', 'BFLow', 'BFHigh')","['DNA', 'RNA', 'ER', 'AGP']",2816.0
0.5555555555555556,0.5777777777777777,0.5555555555555556,0.5444444444444444,0.5,0.5111111111111111,0.5111111111111111,0.5222222222222223,275.0,282.0,288.0,281.0,286.0,280.0,277.0,287.0,0.5347222222222222,0.5333333333333333,0.0257225821909057,"('RNA', 'Mito', 'BFLow', 'BFHigh')","['DNA', 'ER', 'AGP', 'Brightfield']",2816.0
0.5777777777777777,0.5777777777777777,0.5888888888888889,0.5444444444444444,0.5,0.5111111111111111,0.5111111111111111,0.5555555555555556,258.0,265.0,270.0,262.0,281.0,274.0,276.0,282.0,0.5458333333333333,0.55,0.0326019294286263,"('RNA', 'ER', 'AGP', 'BFLow')","['DNA', 'Mito', 'Brightfield', 'BFHigh']",2816.0
0.5666666666666667,0.5666666666666667,0.5777777777777777,0.5333333333333333,0.4888888888888889,0.5111111111111111,0.4777777777777778,0.4777777777777778,253.0,260.0,263.0,252.0,258.0,255.0,256.0,262.0,0.525,0.5222222222222221,0.0391853777212941,"('DNA', 'RNA', 'Mito', 'Brightfield')","['ER', 'AGP', 'BFLow', 'BFHigh']",2816.0
0.6,0.5555555555555556,0.5666666666666667,0.5333333333333333,0.5222222222222223,0.5111111111111111,0.5111111111111111,0.5333333333333333,267.0,272.0,286.0,271.0,300.0,288.0,290.0,295.0,0.5416666666666666,0.5333333333333333,0.0287335567577461,"('ER', 'AGP', 'BFLow', 'BFHigh')","['DNA', 'RNA', 'Mito', 'Brightfield']",2816.0
0.5333333333333333,0.5333333333333333,0.5666666666666667,0.5555555555555556,0.5222222222222223,0.5333333333333333,0.4888888888888889,0.5555555555555556,243.0,245.0,259.0,246.0,260.0,261.0,256.0,260.0,0.5361111111111112,0.5333333333333333,0.022737091032979,"('DNA', 'AGP', 'Brightfield', 'BFHigh')","['RNA', 'ER', 'Mito', 'BFLow']",2816.0
0.5555555555555556,0.5777777777777777,0.5444444444444444,0.5444444444444444,0.4666666666666667,0.5,0.5222222222222223,0.5222222222222223,249.0,261.0,260.0,258.0,258.0,253.0,258.0,261.0,0.5291666666666667,0.5333333333333333,0.0323643894381417,"('DNA', 'RNA', 'Mito', 'BFLow')","['ER', 'AGP', 'Brightfield', 'BFHigh']",2816.0
0.5666666666666667,0.5777777777777777,0.5777777777777777,0.5222222222222223,0.5111111111111111,0.5111111111111111,0.4888888888888889,0.4888888888888889,259.0,267.0,272.0,261.0,261.0,261.0,263.0,264.0,0.5305555555555556,0.5166666666666666,0.0354642925966769,"('DNA', 'ER', 'Mito', 'Brightfield')","['RNA', 'AGP', 'BFLow', 'BFHigh']",2816.0
0.5666666666666667,0.5444444444444444,0.5333333333333333,0.5444444444444444,0.5444444444444444,0.5111111111111111,0.4888888888888889,0.5444444444444444,270.0,264.0,274.0,268.0,295.0,289.0,293.0,297.0,0.5347222222222222,0.5444444444444444,0.0225239926947595,"('RNA', 'AGP', 'Brightfield', 'BFHigh')","['DNA', 'ER', 'Mito', 'BFLow']",2816.0
0.5777777777777777,0.5777777777777777,0.5888888888888889,0.5111111111111111,0.5,0.5222222222222223,0.4777777777777778,0.5,273.0,270.0,282.0,269.0,277.0,269.0,271.0,276.0,0.5319444444444444,0.5166666666666666,0.0402298565498895,"('RNA', 'ER', 'Mito', 'Brightfield')","['DNA', 'AGP', 'BFLow', 'BFHigh']",2816.0
0.5444444444444444,0.5555555555555556,0.5333333333333333,0.5333333333333333,0.4888888888888889,0.4888888888888889,0.5222222222222223,0.5222222222222223,256.0,268.0,267.0,268.0,260.0,258.0,262.0,263.0,0.5236111111111111,0.5277777777777778,0.0225239926947595,"('DNA', 'ER', 'Mito', 'BFLow')","['RNA', 'AGP', 'Brightfield', 'BFHigh']",2816.0
0.6,0.5777777777777777,0.5888888888888889,0.5111111111111111,0.5,0.5,0.5222222222222223,0.5,267.0,267.0,277.0,269.0,271.0,265.0,266.0,274.0,0.5375,0.5166666666666666,0.0408011967265788,"('RNA', 'ER', 'Mito', 'BFLow')","['DNA', 'AGP', 'Brightfield', 'BFHigh']",2816.0
0.5444444444444444,0.5444444444444444,0.5333333333333333,0.5333333333333333,0.4777777777777778,0.4777777777777778,0.4777777777777778,0.5,212.0,213.0,222.0,211.0,216.0,212.0,216.0,217.0,0.5111111111111111,0.5166666666666666,0.0288675134594812,"('DNA', 'RNA', 'Mito', 'AGP', 'Brightfield')","['ER', 'BFLow', 'BFHigh']",2129.0
0.5444444444444444,0.5222222222222223,0.5555555555555556,0.5,0.4666666666666667,0.5222222222222223,0.4888888888888889,0.4888888888888889,218.0,223.0,232.0,218.0,218.0,217.0,214.0,221.0,0.5111111111111111,0.5111111111111111,0.0283278861866265,"('DNA', 'ER', 'Mito', 'Brightfield', 'BFHigh')","['RNA', 'AGP', 'BFLow']",2129.0
0.6,0.5666666666666667,0.5666666666666667,0.5111111111111111,0.4777777777777778,0.5,0.4777777777777778,0.4777777777777778,218.0,222.0,233.0,218.0,223.0,222.0,221.0,222.0,0.5222222222222223,0.5055555555555555,0.045474182065958,"('RNA', 'ER', 'Mito', 'AGP', 'Brightfield')","['DNA', 'BFLow', 'BFHigh']",2129.0
0.5777777777777777,0.5444444444444444,0.5555555555555556,0.5,0.5555555555555556,0.5444444444444444,0.4666666666666667,0.5222222222222223,207.0,212.0,216.0,205.0,227.0,229.0,224.0,229.0,0.5333333333333334,0.5444444444444444,0.0333333333333333,"('DNA', 'RNA', 'ER', 'Brightfield', 'BFHigh')","['Mito', 'AGP', 'BFLow']",2129.0
0.5555555555555556,0.5666666666666667,0.5444444444444444,0.5555555555555556,0.4666666666666667,0.4777777777777778,0.5333333333333333,0.5,207.0,212.0,214.0,211.0,209.0,207.0,210.0,218.0,0.525,0.5388888888888889,0.0358967999536669,"('DNA', 'RNA', 'Mito', 'AGP', 'BFLow')","['ER', 'Brightfield', 'BFHigh']",2129.0
0.5555555555555556,0.5333333333333333,0.5444444444444444,0.5333333333333333,0.5555555555555556,0.5222222222222223,0.5111111111111111,0.5666666666666667,184.0,190.0,200.0,195.0,206.0,199.0,205.0,210.0,0.5402777777777779,0.5388888888888889,0.0175132225179423,"('DNA', 'AGP', 'Brightfield', 'BFLow', 'BFHigh')","['RNA', 'ER', 'Mito']",2129.0
0.5222222222222223,0.5555555555555556,0.5111111111111111,0.5333333333333333,0.4888888888888889,0.5,0.5,0.5,196.0,209.0,212.0,205.0,202.0,195.0,192.0,198.0,0.5138888888888888,0.5055555555555555,0.0206005513530435,"('DNA', 'Mito', 'AGP', 'BFLow', 'BFHigh')","['RNA', 'ER', 'Brightfield']",2129.0
0.5777777777777777,0.5222222222222223,0.5444444444444444,0.5222222222222223,0.5,0.4777777777777778,0.4888888888888889,0.5111111111111111,215.0,216.0,226.0,221.0,218.0,216.0,217.0,218.0,0.5180555555555556,0.5166666666666666,0.0298853260990972,"('RNA', 'ER', 'Mito', 'AGP', 'BFLow')","['DNA', 'Brightfield', 'BFHigh']",2129.0
0.6,0.5333333333333333,0.5666666666666667,0.5333333333333333,0.5222222222222223,0.5,0.4888888888888889,0.4888888888888889,227.0,227.0,240.0,234.0,236.0,229.0,230.0,236.0,0.5291666666666667,0.5277777777777778,0.0364037289502254,"('RNA', 'Mito', 'AGP', 'Brightfield', 'BFLow')","['DNA', 'ER', 'BFHigh']",2129.0
0.5222222222222223,0.5222222222222223,0.5666666666666667,0.5333333333333333,0.5333333333333333,0.5111111111111111,0.4555555555555555,0.5888888888888889,207.0,205.0,212.0,204.0,229.0,231.0,227.0,235.0,0.5291666666666667,0.5277777777777778,0.0368252043987857,"('DNA', 'RNA', 'AGP', 'Brightfield', 'BFHigh')","['ER', 'Mito', 'BFLow']",2129.0
0.5333333333333333,0.5333333333333333,0.5777777777777777,0.5333333333333333,0.4888888888888889,0.5222222222222223,0.5111111111111111,0.5555555555555556,202.0,204.0,213.0,200.0,221.0,221.0,214.0,223.0,0.5319444444444444,0.5333333333333333,0.0251154740555904,"('DNA', 'RNA', 'ER', 'AGP', 'BFHigh')","['Mito', 'Brightfield', 'BFLow']",2129.0
0.5444444444444444,0.5444444444444444,0.5444444444444444,0.5,0.5222222222222223,0.5,0.5,0.4888888888888889,231.0,232.0,247.0,229.0,235.0,232.0,227.0,230.0,0.5180555555555555,0.5111111111111111,0.0221787769759323,"('ER', 'Mito', 'AGP', 'Brightfield', 'BFHigh')","['DNA', 'RNA', 'BFLow']",2129.0
0.5777777777777777,0.5444444444444444,0.5333333333333333,0.5333333333333333,0.4777777777777778,0.4888888888888889,0.5111111111111111,0.5111111111111111,210.0,225.0,220.0,216.0,223.0,221.0,218.0,225.0,0.5222222222222223,0.5222222222222221,0.0299175822618583,"('DNA', 'RNA', 'Mito', 'BFLow', 'BFHigh')","['ER', 'AGP', 'Brightfield']",2129.0
0.5555555555555556,0.5222222222222223,0.5333333333333333,0.5333333333333333,0.5,0.5222222222222223,0.5222222222222223,0.5444444444444444,204.0,210.0,221.0,213.0,234.0,226.0,228.0,232.0,0.5291666666666667,0.5277777777777778,0.0156519828744231,"('DNA', 'ER', 'AGP', 'BFLow', 'BFHigh')","['RNA', 'Mito', 'Brightfield']",2129.0
0.5777777777777777,0.5333333333333333,0.5555555555555556,0.5222222222222223,0.4888888888888889,0.4888888888888889,0.5111111111111111,0.5111111111111111,226.0,226.0,233.0,230.0,232.0,228.0,224.0,234.0,0.5236111111111111,0.5166666666666666,0.0291004539441068,"('RNA', 'ER', 'Mito', 'BFLow', 'BFHigh')","['DNA', 'AGP', 'Brightfield']",2129.0
0.6222222222222222,0.5777777777777777,0.5666666666666667,0.5333333333333333,0.5222222222222223,0.5222222222222223,0.5,0.5333333333333333,219.0,214.0,223.0,220.0,235.0,218.0,232.0,234.0,0.5472222222222222,0.5333333333333333,0.0367465459870081,"('RNA', 'ER', 'Brightfield', 'BFLow', 'BFHigh')","['DNA', 'Mito', 'AGP']",2129.0
0.5222222222222223,0.5111111111111111,0.5,0.5222222222222223,0.4777777777777778,0.5,0.4888888888888889,0.5111111111111111,214.0,214.0,223.0,212.0,218.0,217.0,211.0,217.0,0.5041666666666667,0.5055555555555555,0.0146328524345176,"('DNA', 'ER', 'Mito', 'AGP', 'BFHigh')","['RNA', 'Brightfield', 'BFLow']",2129.0
0.5444444444444444,0.5777777777777777,0.5555555555555556,0.5111111111111111,0.4888888888888889,0.5333333333333333,0.4888888888888889,0.4777777777777778,194.0,207.0,208.0,206.0,198.0,190.0,196.0,199.0,0.5222222222222223,0.5222222222222221,0.0337931251683234,"('DNA', 'Mito', 'Brightfield', 'BFLow', 'BFHigh')","['RNA', 'ER', 'AGP']",2129.0
0.5888888888888889,0.5888888888888889,0.5666666666666667,0.5222222222222223,0.5111111111111111,0.5111111111111111,0.5111111111111111,0.5,216.0,226.0,231.0,224.0,216.0,219.0,219.0,220.0,0.5375,0.5166666666666666,0.0351089573882348,"('DNA', 'ER', 'Mito', 'Brightfield', 'BFLow')","['RNA', 'AGP', 'BFHigh']",2129.0
0.5555555555555556,0.5222222222222223,0.5444444444444444,0.5,0.4777777777777778,0.5111111111111111,0.4777777777777778,0.4888888888888889,213.0,214.0,217.0,214.0,214.0,217.0,211.0,215.0,0.5097222222222222,0.5055555555555555,0.0274634999073405,"('DNA', 'RNA', 'ER', 'Mito', 'BFHigh')","['AGP', 'Brightfield', 'BFLow']",2129.0
0.5555555555555556,0.5555555555555556,0.5222222222222223,0.5333333333333333,0.4888888888888889,0.5,0.5,0.5,226.0,231.0,236.0,231.0,240.0,230.0,230.0,236.0,0.5194444444444445,0.5111111111111111,0.0246894289369877,"('RNA', 'Mito', 'AGP', 'BFLow', 'BFHigh')","['DNA', 'ER', 'Brightfield']",2129.0
0.5666666666666667,0.5333333333333333,0.5555555555555556,0.5111111111111111,0.5111111111111111,0.5222222222222223,0.5111111111111111,0.5333333333333333,219.0,220.0,233.0,220.0,239.0,235.0,235.0,238.0,0.5305555555555556,0.5277777777777778,0.0198373011903968,"('RNA', 'ER', 'AGP', 'Brightfield', 'BFHigh')","['DNA', 'Mito', 'BFLow']",2129.0
0.6222222222222222,0.6,0.6333333333333333,0.5555555555555556,0.5555555555555556,0.5333333333333333,0.5111111111111111,0.5444444444444444,202.0,209.0,212.0,209.0,222.0,229.0,228.0,232.0,0.5694444444444444,0.5555555555555556,0.0411073571859687,"('DNA', 'RNA', 'ER', 'Brightfield', 'BFLow')","['Mito', 'AGP', 'BFHigh']",2129.0
0.6111111111111112,0.5777777777777777,0.5555555555555556,0.5222222222222223,0.5444444444444444,0.5111111111111111,0.5,0.5555555555555556,213.0,213.0,229.0,219.0,236.0,223.0,233.0,235.0,0.5472222222222222,0.55,0.0341339047984569,"('ER', 'AGP', 'Brightfield', 'BFLow', 'BFHigh')","['DNA', 'RNA', 'Mito']",2129.0
0.5222222222222223,0.5333333333333333,0.5555555555555556,0.5,0.4777777777777778,0.5111111111111111,0.4666666666666667,0.4777777777777778,204.0,207.0,221.0,208.0,202.0,197.0,192.0,197.0,0.5055555555555555,0.5055555555555555,0.0288675134594812,"('DNA', 'Mito', 'AGP', 'Brightfield', 'BFHigh')","['RNA', 'ER', 'BFLow']",2129.0
0.5333333333333333,0.5111111111111111,0.5,0.5333333333333333,0.4333333333333333,0.4777777777777778,0.4888888888888889,0.4777777777777778,196.0,196.0,201.0,190.0,198.0,202.0,198.0,204.0,0.4944444444444444,0.4944444444444444,0.0309320242379445,"('DNA', 'RNA', 'ER', 'Mito', 'AGP')","['Brightfield', 'BFLow', 'BFHigh']",2129.0
0.5888888888888889,0.5888888888888889,0.5555555555555556,0.5333333333333333,0.5222222222222223,0.5,0.5,0.4777777777777778,230.0,235.0,247.0,235.0,231.0,231.0,233.0,232.0,0.5333333333333333,0.5277777777777778,0.0388888888888888,"('ER', 'Mito', 'AGP', 'Brightfield', 'BFLow')","['DNA', 'RNA', 'BFHigh']",2129.0
0.5555555555555556,0.5444444444444444,0.5777777777777777,0.5333333333333333,0.5,0.5111111111111111,0.5111111111111111,0.5444444444444444,202.0,205.0,222.0,204.0,223.0,223.0,227.0,225.0,0.5347222222222222,0.5388888888888889,0.0244933223452061,"('DNA', 'RNA', 'ER', 'AGP', 'Brightfield')","['Mito', 'BFLow', 'BFHigh']",2129.0
0.6,0.5777777777777777,0.5666666666666667,0.5555555555555556,0.5555555555555556,0.5111111111111111,0.5222222222222223,0.5333333333333333,202.0,206.0,213.0,207.0,227.0,233.0,232.0,232.0,0.5527777777777778,0.5555555555555556,0.0276385399196283,"('DNA', 'RNA', 'AGP', 'Brightfield', 'BFLow')","['ER', 'Mito', 'BFHigh']",2129.0
0.5888888888888889,0.5777777777777777,0.5444444444444444,0.5444444444444444,0.4888888888888889,0.5,0.5222222222222223,0.5666666666666667,199.0,204.0,211.0,203.0,217.0,217.0,219.0,221.0,0.5416666666666667,0.5444444444444444,0.0336787657027281,"('DNA', 'RNA', 'ER', 'AGP', 'BFLow')","['Mito', 'Brightfield', 'BFHigh']",2129.0
0.5555555555555556,0.5555555555555556,0.5,0.5222222222222223,0.4777777777777778,0.4888888888888889,0.4888888888888889,0.5,214.0,214.0,229.0,216.0,218.0,220.0,218.0,220.0,0.5111111111111111,0.5,0.0283278861866265,"('DNA', 'ER', 'Mito', 'AGP', 'Brightfield')","['RNA', 'BFLow', 'BFHigh']",2129.0
0.5777777777777777,0.5333333333333333,0.5555555555555556,0.5111111111111111,0.5,0.5333333333333333,0.4777777777777778,0.4888888888888889,216.0,218.0,222.0,211.0,220.0,217.0,216.0,222.0,0.5222222222222223,0.5222222222222221,0.0319142369252112,"('DNA', 'RNA', 'Mito', 'Brightfield', 'BFHigh')","['ER', 'AGP', 'BFLow']",2129.0
0.5444444444444444,0.5222222222222223,0.5444444444444444,0.5111111111111111,0.5333333333333333,0.5333333333333333,0.4888888888888889,0.5333333333333333,211.0,210.0,229.0,214.0,234.0,232.0,228.0,232.0,0.5263888888888888,0.5333333333333333,0.0175132225179423,"('DNA', 'ER', 'AGP', 'Brightfield', 'BFHigh')","['RNA', 'Mito', 'BFLow']",2129.0
0.5666666666666667,0.5444444444444444,0.5555555555555556,0.4888888888888889,0.5111111111111111,0.5333333333333333,0.5,0.4777777777777778,232.0,228.0,238.0,226.0,233.0,226.0,227.0,233.0,0.5222222222222223,0.5222222222222221,0.0304290309725092,"('RNA', 'ER', 'Mito', 'Brightfield', 'BFHigh')","['DNA', 'AGP', 'BFLow']",2129.0
0.5666666666666667,0.5555555555555556,0.5222222222222223,0.5222222222222223,0.4777777777777778,0.5,0.5111111111111111,0.5222222222222223,215.0,229.0,230.0,226.0,223.0,220.0,216.0,225.0,0.5222222222222223,0.5222222222222223,0.0266435084628484,"('DNA', 'ER', 'Mito', 'BFLow', 'BFHigh')","['RNA', 'AGP', 'Brightfield']",2129.0
0.5777777777777777,0.5555555555555556,0.5333333333333333,0.5222222222222223,0.5222222222222223,0.5111111111111111,0.5,0.5,205.0,211.0,224.0,217.0,211.0,207.0,209.0,208.0,0.5277777777777778,0.5222222222222223,0.0254587538608657,"('Mito', 'AGP', 'Brightfield', 'BFLow', 'BFHigh')","['DNA', 'RNA', 'ER']",2129.0
0.5555555555555556,0.5444444444444444,0.5111111111111111,0.5333333333333333,0.4888888888888889,0.4888888888888889,0.5111111111111111,0.5111111111111111,210.0,215.0,217.0,215.0,213.0,212.0,213.0,215.0,0.5180555555555555,0.5111111111111111,0.0228639967127143,"('DNA', 'ER', 'Mito', 'AGP', 'BFLow')","['RNA', 'Brightfield', 'BFHigh']",2129.0
0.5666666666666667,0.5444444444444444,0.5555555555555556,0.5111111111111111,0.4777777777777778,0.5111111111111111,0.4888888888888889,0.4777777777777778,213.0,215.0,220.0,210.0,216.0,215.0,215.0,217.0,0.5166666666666667,0.5111111111111111,0.0328671099061089,"('DNA', 'RNA', 'ER', 'Mito', 'Brightfield')","['AGP', 'BFLow', 'BFHigh']",2129.0
0.5555555555555556,0.5555555555555556,0.5666666666666667,0.5555555555555556,0.5333333333333333,0.5333333333333333,0.5222222222222223,0.5555555555555556,201.0,212.0,211.0,211.0,230.0,230.0,227.0,232.0,0.5472222222222223,0.5555555555555556,0.0144337567297406,"('DNA', 'RNA', 'ER', 'BFLow', 'BFHigh')","['Mito', 'AGP', 'Brightfield']",2129.0
0.6,0.5777777777777777,0.5888888888888889,0.5222222222222223,0.5222222222222223,0.5111111111111111,0.5111111111111111,0.5555555555555556,219.0,224.0,235.0,230.0,238.0,239.0,239.0,239.0,0.548611111111111,0.538888888888889,0.0342185694298747,"('RNA', 'ER', 'AGP', 'Brightfield', 'BFLow')","['DNA', 'Mito', 'BFHigh']",2129.0
0.5111111111111111,0.5444444444444444,0.5222222222222223,0.5222222222222223,0.4777777777777778,0.4888888888888889,0.4777777777777778,0.5,213.0,216.0,219.0,209.0,216.0,215.0,209.0,220.0,0.5055555555555555,0.5055555555555555,0.0222222222222222,"('DNA', 'RNA', 'Mito', 'AGP', 'BFHigh')","['ER', 'Brightfield', 'BFLow']",2129.0
0.5555555555555556,0.5444444444444444,0.5777777777777777,0.5,0.4666666666666667,0.4888888888888889,0.5222222222222223,0.5,207.0,212.0,213.0,212.0,211.0,210.0,210.0,213.0,0.5194444444444445,0.5111111111111111,0.0350264450358846,"('DNA', 'RNA', 'ER', 'Mito', 'BFLow')","['AGP', 'Brightfield', 'BFHigh']",2129.0
0.5888888888888889,0.5333333333333333,0.5333333333333333,0.5222222222222223,0.5444444444444444,0.5,0.5,0.5111111111111111,211.0,208.0,217.0,216.0,236.0,228.0,235.0,238.0,0.5291666666666667,0.5277777777777778,0.0271810913760846,"('RNA', 'AGP', 'Brightfield', 'BFLow', 'BFHigh')","['DNA', 'ER', 'Mito']",2129.0
0.5888888888888889,0.5666666666666667,0.5444444444444444,0.5333333333333333,0.5444444444444444,0.5555555555555556,0.4888888888888889,0.5555555555555556,202.0,204.0,215.0,212.0,219.0,215.0,218.0,226.0,0.5472222222222223,0.55,0.0270744287355804,"('DNA', 'ER', 'Brightfield', 'BFLow', 'BFHigh')","['RNA', 'Mito', 'AGP']",2129.0
0.5555555555555556,0.5222222222222223,0.5333333333333333,0.5111111111111111,0.5,0.5,0.4777777777777778,0.4888888888888889,232.0,230.0,240.0,232.0,239.0,233.0,229.0,238.0,0.5111111111111111,0.5055555555555555,0.0235702260395515,"('RNA', 'Mito', 'AGP', 'Brightfield', 'BFHigh')","['DNA', 'ER', 'BFLow']",2129.0
0.5555555555555556,0.5444444444444444,0.5666666666666667,0.5111111111111111,0.5111111111111111,0.5111111111111111,0.4888888888888889,0.5,226.0,227.0,234.0,231.0,232.0,221.0,227.0,229.0,0.5236111111111111,0.5111111111111111,0.0263156879465228,"('RNA', 'Mito', 'Brightfield', 'BFLow', 'BFHigh')","['DNA', 'ER', 'AGP']",2129.0
0.5666666666666667,0.5555555555555556,0.5333333333333333,0.5333333333333333,0.5,0.5222222222222223,0.5333333333333333,0.5666666666666667,197.0,204.0,206.0,201.0,231.0,229.0,228.0,233.0,0.538888888888889,0.5333333333333333,0.0215165741455967,"('DNA', 'RNA', 'AGP', 'BFLow', 'BFHigh')","['ER', 'Mito', 'Brightfield']",2129.0
0.5222222222222223,0.5111111111111111,0.5444444444444444,0.5222222222222223,0.4666666666666667,0.4666666666666667,0.5,0.4777777777777778,216.0,215.0,221.0,215.0,219.0,220.0,213.0,218.0,0.5013888888888889,0.5055555555555555,0.0268957176819959,"('RNA', 'ER', 'Mito', 'AGP', 'BFHigh')","['DNA', 'Brightfield', 'BFLow']",2129.0
0.5666666666666667,0.5555555555555556,0.5222222222222223,0.5111111111111111,0.5222222222222223,0.4888888888888889,0.5111111111111111,0.5111111111111111,226.0,230.0,239.0,229.0,236.0,231.0,228.0,230.0,0.523611111111111,0.5166666666666666,0.0238549500518301,"('ER', 'Mito', 'AGP', 'BFLow', 'BFHigh')","['DNA', 'RNA', 'Brightfield']",2129.0
0.5888888888888889,0.5444444444444444,0.5444444444444444,0.5333333333333333,0.5111111111111111,0.5,0.4888888888888889,0.4888888888888889,199.0,209.0,217.0,209.0,198.0,197.0,194.0,201.0,0.525,0.5222222222222221,0.0322748612183951,"('DNA', 'Mito', 'AGP', 'Brightfield', 'BFLow')","['RNA', 'ER', 'BFHigh']",2129.0
0.6111111111111112,0.5666666666666667,0.6111111111111112,0.5222222222222223,0.5222222222222223,0.5111111111111111,0.4888888888888889,0.4888888888888889,232.0,226.0,238.0,231.0,227.0,225.0,227.0,231.0,0.5402777777777777,0.5222222222222223,0.0467913347997861,"('RNA', 'ER', 'Mito', 'Brightfield', 'BFLow')","['DNA', 'AGP', 'BFHigh']",2129.0
0.5777777777777777,0.5555555555555556,0.5666666666666667,0.5333333333333333,0.5,0.5111111111111111,0.5111111111111111,0.5444444444444444,220.0,221.0,226.0,221.0,243.0,232.0,233.0,237.0,0.5375,0.5388888888888889,0.0266072834175944,"('RNA', 'ER', 'AGP', 'BFLow', 'BFHigh')","['DNA', 'Mito', 'Brightfield']",2129.0
0.5888888888888889,0.5777777777777777,0.5555555555555556,0.5333333333333333,0.5444444444444444,0.5333333333333333,0.4888888888888889,0.5555555555555556,191.0,199.0,202.0,200.0,224.0,221.0,222.0,228.0,0.5472222222222223,0.55,0.0287335567577461,"('DNA', 'RNA', 'Brightfield', 'BFLow', 'BFHigh')","['ER', 'Mito', 'AGP']",2129.0
0.5888888888888889,0.5444444444444444,0.5555555555555556,0.5444444444444444,0.5111111111111111,0.5333333333333333,0.5,0.4888888888888889,234.0,228.0,239.0,232.0,229.0,220.0,230.0,223.0,0.5333333333333333,0.5388888888888889,0.0304290309725092,"('ER', 'Mito', 'Brightfield', 'BFLow', 'BFHigh')","['DNA', 'RNA', 'AGP']",2129.0
0.6111111111111112,0.5777777777777777,0.5666666666666667,0.5444444444444444,0.4666666666666667,0.5111111111111111,0.4888888888888889,0.4888888888888889,209.0,219.0,222.0,215.0,217.0,214.0,215.0,218.0,0.5319444444444444,0.5277777777777777,0.047608712502785,"('DNA', 'RNA', 'Mito', 'Brightfield', 'BFLow')","['ER', 'AGP', 'BFHigh']",2129.0
0.5777777777777777,0.5666666666666667,0.5888888888888889,0.5444444444444444,0.5444444444444444,0.5111111111111111,0.5222222222222223,0.5222222222222223,209.0,217.0,226.0,218.0,232.0,233.0,235.0,234.0,0.5472222222222222,0.5444444444444444,0.0264983111504707,"('DNA', 'ER', 'AGP', 'Brightfield', 'BFLow')","['RNA', 'Mito', 'BFHigh']",2129.0
0.6111111111111112,0.5333333333333333,0.6,0.5555555555555556,0.5222222222222223,0.5111111111111111,0.5222222222222223,0.5333333333333333,167.0,170.0,181.0,174.0,181.0,185.0,184.0,184.0,0.548611111111111,0.5333333333333333,0.0351089573882348,"('DNA', 'RNA', 'ER', 'AGP', 'Brightfield', 'BFLow')","['Mito', 'BFHigh']",1466.0
0.5333333333333333,0.5444444444444444,0.5444444444444444,0.5111111111111111,0.4777777777777778,0.5222222222222223,0.4888888888888889,0.4888888888888889,167.0,177.0,171.0,172.0,174.0,171.0,173.0,172.0,0.5138888888888888,0.5166666666666666,0.0246894289369877,"('DNA', 'RNA', 'Mito', 'Brightfield', 'BFLow', 'BFHigh')","['ER', 'AGP']",1466.0
0.5111111111111111,0.5222222222222223,0.5444444444444444,0.5111111111111111,0.4444444444444444,0.5111111111111111,0.4666666666666667,0.5111111111111111,178.0,177.0,181.0,173.0,178.0,176.0,174.0,180.0,0.5027777777777778,0.5111111111111111,0.02978834804101,"('DNA', 'RNA', 'Mito', 'AGP', 'Brightfield', 'BFHigh')","['ER', 'BFLow']",1466.0
0.5444444444444444,0.5222222222222223,0.5,0.4888888888888889,0.4777777777777778,0.5,0.4777777777777778,0.4666666666666667,178.0,175.0,191.0,175.0,178.0,180.0,173.0,177.0,0.4972222222222222,0.4944444444444444,0.0240562612162343,"('DNA', 'ER', 'Mito', 'AGP', 'Brightfield', 'BFHigh')","['RNA', 'BFLow']",1466.0
0.5888888888888889,0.5222222222222223,0.5555555555555556,0.5222222222222223,0.5,0.5111111111111111,0.5111111111111111,0.5555555555555556,160.0,165.0,171.0,163.0,184.0,177.0,176.0,183.0,0.5333333333333333,0.5222222222222223,0.0283278861866265,"('DNA', 'RNA', 'ER', 'AGP', 'BFLow', 'BFHigh')","['Mito', 'Brightfield']",1466.0
0.5666666666666667,0.5222222222222223,0.5222222222222223,0.5333333333333333,0.5333333333333333,0.5111111111111111,0.5,0.5444444444444444,158.0,161.0,171.0,166.0,179.0,171.0,178.0,186.0,0.5291666666666667,0.5277777777777778,0.0191948263348406,"('DNA', 'ER', 'AGP', 'Brightfield', 'BFLow', 'BFHigh')","['RNA', 'Mito']",1466.0
0.5111111111111111,0.5111111111111111,0.5222222222222223,0.5,0.4555555555555555,0.4666666666666667,0.4888888888888889,0.4666666666666667,165.0,165.0,170.0,161.0,166.0,170.0,161.0,168.0,0.4902777777777777,0.4944444444444444,0.0231990181784584,"('DNA', 'RNA', 'ER', 'Mito', 'AGP', 'BFHigh')","['Brightfield', 'BFLow']",1466.0
0.5333333333333333,0.5111111111111111,0.5222222222222223,0.4888888888888889,0.5111111111111111,0.4777777777777778,0.4888888888888889,0.4888888888888889,180.0,180.0,185.0,184.0,187.0,178.0,181.0,184.0,0.5027777777777778,0.5,0.0182151070119499,"('RNA', 'Mito', 'AGP', 'Brightfield', 'BFLow', 'BFHigh')","['DNA', 'ER']",1466.0
0.5555555555555556,0.5111111111111111,0.5555555555555556,0.5111111111111111,0.4888888888888889,0.4777777777777778,0.5111111111111111,0.4888888888888889,178.0,178.0,186.0,179.0,181.0,178.0,177.0,178.0,0.5125,0.5111111111111111,0.0274634999073405,"('RNA', 'ER', 'Mito', 'AGP', 'BFLow', 'BFHigh')","['DNA', 'Brightfield']",1466.0
0.6,0.5666666666666667,0.6,0.5222222222222223,0.4888888888888889,0.5,0.4888888888888889,0.4777777777777778,177.0,177.0,179.0,177.0,174.0,177.0,176.0,176.0,0.5305555555555556,0.5111111111111111,0.0477099001036601,"('DNA', 'RNA', 'ER', 'Mito', 'Brightfield', 'BFLow')","['AGP', 'BFHigh']",1466.0
0.5777777777777777,0.5555555555555556,0.5555555555555556,0.5666666666666667,0.4777777777777778,0.4777777777777778,0.4888888888888889,0.4777777777777778,175.0,175.0,182.0,177.0,175.0,174.0,174.0,177.0,0.5222222222222223,0.5222222222222223,0.0423098505881328,"('DNA', 'RNA', 'Mito', 'AGP', 'Brightfield', 'BFLow')","['ER', 'BFHigh']",1466.0
0.5777777777777777,0.5333333333333333,0.5555555555555556,0.5333333333333333,0.5111111111111111,0.5,0.5,0.4777777777777778,177.0,180.0,187.0,179.0,176.0,178.0,177.0,176.0,0.5236111111111111,0.5222222222222221,0.0306501062371026,"('DNA', 'ER', 'Mito', 'AGP', 'Brightfield', 'BFLow')","['RNA', 'BFHigh']",1466.0
0.5888888888888889,0.5333333333333333,0.5222222222222223,0.4888888888888889,0.4444444444444444,0.4888888888888889,0.4888888888888889,0.4444444444444444,169.0,168.0,179.0,164.0,170.0,169.0,167.0,170.0,0.5,0.4888888888888889,0.0447903208238808,"('DNA', 'RNA', 'ER', 'Mito', 'AGP', 'Brightfield')","['BFLow', 'BFHigh']",1466.0
0.5444444444444444,0.4888888888888889,0.5111111111111111,0.5222222222222223,0.5333333333333333,0.4888888888888889,0.5111111111111111,0.5444444444444444,154.0,153.0,161.0,156.0,177.0,177.0,177.0,183.0,0.5180555555555555,0.5166666666666666,0.0207405340598167,"('DNA', 'RNA', 'AGP', 'Brightfield', 'BFLow', 'BFHigh')","['ER', 'Mito']",1466.0
0.5555555555555556,0.5333333333333333,0.5333333333333333,0.5111111111111111,0.4333333333333333,0.4666666666666667,0.5,0.4888888888888889,163.0,162.0,167.0,165.0,165.0,164.0,164.0,167.0,0.5027777777777778,0.5055555555555555,0.037164133778499,"('DNA', 'RNA', 'ER', 'Mito', 'AGP', 'BFLow')","['Brightfield', 'BFHigh']",1466.0
0.5888888888888889,0.5444444444444444,0.5444444444444444,0.5111111111111111,0.4777777777777778,0.5,0.5,0.5111111111111111,167.0,174.0,175.0,176.0,179.0,177.0,173.0,179.0,0.5222222222222221,0.5111111111111111,0.0328671099061089,"('DNA', 'RNA', 'ER', 'Mito', 'BFLow', 'BFHigh')","['AGP', 'Brightfield']",1466.0
0.5222222222222223,0.5111111111111111,0.5,0.5444444444444444,0.4666666666666667,0.5,0.5111111111111111,0.5111111111111111,170.0,176.0,180.0,177.0,179.0,175.0,171.0,176.0,0.5083333333333333,0.5111111111111111,0.0206005513530435,"('DNA', 'ER', 'Mito', 'AGP', 'BFLow', 'BFHigh')","['RNA', 'Brightfield']",1466.0
0.5333333333333333,0.5222222222222223,0.5222222222222223,0.4777777777777778,0.4888888888888889,0.4888888888888889,0.4888888888888889,0.4666666666666667,183.0,181.0,194.0,180.0,186.0,184.0,180.0,184.0,0.498611111111111,0.4888888888888889,0.0225239926947595,"('RNA', 'ER', 'Mito', 'AGP', 'Brightfield', 'BFHigh')","['DNA', 'BFLow']",1466.0
0.5666666666666667,0.5444444444444444,0.5888888888888889,0.4888888888888889,0.5,0.5,0.4666666666666667,0.4888888888888889,181.0,179.0,184.0,181.0,179.0,173.0,180.0,180.0,0.5180555555555556,0.5,0.040421200585709,"('RNA', 'ER', 'Mito', 'Brightfield', 'BFLow', 'BFHigh')","['DNA', 'AGP']",1466.0
0.5444444444444444,0.5111111111111111,0.5666666666666667,0.5,0.4888888888888889,0.5222222222222223,0.4777777777777778,0.5222222222222223,166.0,168.0,184.0,166.0,183.0,184.0,179.0,185.0,0.5166666666666666,0.5166666666666666,0.0272165526975908,"('DNA', 'RNA', 'ER', 'AGP', 'Brightfield', 'BFHigh')","['Mito', 'BFLow']",1466.0
0.6111111111111112,0.5333333333333333,0.5888888888888889,0.5444444444444444,0.5222222222222223,0.5333333333333333,0.4888888888888889,0.5444444444444444,156.0,161.0,163.0,164.0,177.0,175.0,174.0,180.0,0.5458333333333333,0.5388888888888889,0.0357622033043992,"('DNA', 'RNA', 'ER', 'Brightfield', 'BFLow', 'BFHigh')","['Mito', 'AGP']",1466.0
0.5222222222222223,0.5555555555555556,0.5333333333333333,0.5333333333333333,0.4666666666666667,0.5,0.5222222222222223,0.5111111111111111,169.0,175.0,175.0,172.0,178.0,174.0,174.0,177.0,0.5180555555555556,0.5222222222222223,0.0248063487492941,"('DNA', 'RNA', 'Mito', 'AGP', 'BFLow', 'BFHigh')","['ER', 'Brightfield']",1466.0
0.5666666666666667,0.5111111111111111,0.5222222222222223,0.5222222222222223,0.5,0.5333333333333333,0.5,0.4777777777777778,180.0,179.0,189.0,182.0,182.0,178.0,182.0,180.0,0.5166666666666666,0.5166666666666666,0.0248451997499976,"('ER', 'Mito', 'AGP', 'Brightfield', 'BFLow', 'BFHigh')","['DNA', 'RNA']",1466.0
0.5888888888888889,0.5222222222222223,0.5222222222222223,0.5111111111111111,0.5111111111111111,0.5111111111111111,0.4888888888888889,0.5111111111111111,168.0,167.0,177.0,174.0,187.0,178.0,181.0,184.0,0.5208333333333333,0.5111111111111111,0.0274634999073405,"('RNA', 'ER', 'AGP', 'Brightfield', 'BFLow', 'BFHigh')","['DNA', 'Mito']",1466.0
0.5555555555555556,0.5,0.5333333333333333,0.5222222222222223,0.4888888888888889,0.5111111111111111,0.5,0.5111111111111111,156.0,163.0,165.0,162.0,153.0,150.0,149.0,155.0,0.5152777777777777,0.5111111111111111,0.0199826313471363,"('DNA', 'Mito', 'AGP', 'Brightfield', 'BFLow', 'BFHigh')","['RNA', 'ER']",1466.0
0.5777777777777777,0.5333333333333333,0.5666666666666667,0.5222222222222223,0.4666666666666667,0.5111111111111111,0.4777777777777778,0.5,170.0,174.0,180.0,173.0,167.0,166.0,169.0,171.0,0.5194444444444445,0.5166666666666666,0.0367465459870081,"('DNA', 'ER', 'Mito', 'Brightfield', 'BFLow', 'BFHigh')","['RNA', 'AGP']",1466.0
0.5777777777777777,0.5222222222222223,0.5444444444444444,0.5,0.4555555555555555,0.5222222222222223,0.4777777777777778,0.4666666666666667,179.0,176.0,183.0,173.0,179.0,178.0,176.0,178.0,0.5083333333333333,0.5111111111111111,0.0387895556771359,"('DNA', 'RNA', 'ER', 'Mito', 'Brightfield', 'BFHigh')","['AGP', 'BFLow']",1466.0
0.5777777777777777,0.5777777777777777,0.5777777777777777,0.4888888888888889,0.4888888888888889,0.4888888888888889,0.4888888888888889,0.4888888888888889,183.0,182.0,197.0,185.0,181.0,185.0,185.0,182.0,0.5222222222222223,0.4888888888888889,0.0430331482911935,"('RNA', 'ER', 'Mito', 'AGP', 'Brightfield', 'BFLow')","['DNA', 'BFHigh']",1466.0
0.5444444444444444,0.5,0.5,0.4777777777777778,0.4777777777777778,0.4888888888888889,0.4666666666666667,0.4777777777777778,136.0,134.0,141.0,137.0,136.0,137.0,138.0,139.0,0.4916666666666666,0.4833333333333333,0.022737091032979,"('RNA', 'ER', 'Mito', 'AGP', 'Brightfield', 'BFLow', 'BFHigh')",['DNA'],827.0
0.5333333333333333,0.5111111111111111,0.5666666666666667,0.5111111111111111,0.4888888888888889,0.5,0.4777777777777778,0.4777777777777778,131.0,134.0,132.0,132.0,132.0,130.0,131.0,131.0,0.5083333333333333,0.5055555555555555,0.0281913654585894,"('DNA', 'RNA', 'ER', 'Mito', 'Brightfield', 'BFLow', 'BFHigh')",['AGP'],827.0
0.5222222222222223,0.5,0.5222222222222223,0.4666666666666667,0.4555555555555555,0.4666666666666667,0.5,0.4777777777777778,129.0,129.0,132.0,130.0,133.0,130.0,128.0,130.0,0.4888888888888889,0.4888888888888889,0.0242161052418926,"('DNA', 'RNA', 'ER', 'Mito', 'AGP', 'BFLow', 'BFHigh')",['Brightfield'],827.0
0.5222222222222223,0.5111111111111111,0.5222222222222223,0.5222222222222223,0.4555555555555555,0.4777777777777778,0.5,0.4777777777777778,131.0,132.0,133.0,132.0,131.0,131.0,132.0,133.0,0.4986111111111111,0.5055555555555555,0.0238549500518301,"('DNA', 'RNA', 'Mito', 'AGP', 'Brightfield', 'BFLow', 'BFHigh')",['ER'],827.0
0.5333333333333333,0.5111111111111111,0.4888888888888889,0.5,0.4555555555555555,0.5,0.4666666666666667,0.4555555555555555,136.0,135.0,145.0,133.0,136.0,136.0,131.0,134.0,0.4888888888888889,0.4944444444444444,0.0260578653323523,"('DNA', 'RNA', 'ER', 'Mito', 'AGP', 'Brightfield', 'BFHigh')",['BFLow'],827.0
0.6111111111111112,0.5333333333333333,0.5444444444444444,0.4888888888888889,0.4888888888888889,0.4555555555555555,0.4777777777777778,0.4555555555555555,138.0,134.0,143.0,138.0,134.0,135.0,134.0,134.0,0.5069444444444444,0.4888888888888889,0.0496709853951324,"('DNA', 'RNA', 'ER', 'Mito', 'AGP', 'Brightfield', 'BFLow')",['BFHigh'],827.0
0.5333333333333333,0.4777777777777778,0.5,0.5111111111111111,0.4666666666666667,0.5222222222222223,0.4777777777777778,0.4888888888888889,130.0,132.0,138.0,134.0,129.0,130.0,130.0,135.0,0.4972222222222222,0.4944444444444444,0.0220479275922049,"('DNA', 'ER', 'Mito', 'AGP', 'Brightfield', 'BFLow', 'BFHigh')",['RNA'],827.0
0.5777777777777777,0.4777777777777778,0.5555555555555556,0.4888888888888889,0.4888888888888889,0.4777777777777778,0.5,0.5,121.0,121.0,128.0,125.0,135.0,132.0,134.0,138.0,0.5083333333333333,0.4944444444444444,0.0350264450358846,"('DNA', 'RNA', 'ER', 'AGP', 'Brightfield', 'BFLow', 'BFHigh')",['Mito'],827.0
0.5222222222222223,0.4666666666666667,0.5333333333333333,0.4777777777777778,0.4444444444444444,0.4777777777777778,0.4777777777777778,0.4888888888888889,93.0,94.0,96.0,94.0,92.0,93.0,92.0,95.0,0.4861111111111111,0.4777777777777778,0.02707442873558046,"('DNA', 'RNA', 'ER', 'Mito', 'AGP', 'Brightfield', 'BFLow', 'BFHigh')",[],212.0
